ionizable_smiles,helper_smiles,sterol_smiles,peg_smiles,molar_ratio,prob_high_EE,conformal_set,is_ambiguous,knn_distance,in_AD,uncertainty_score,novelty_score,ad_penalty,promise_score,acquisition_score,acquisition_type
CCC/C=C\C/C=C\C/C=C\CCCCCCCC(O)CN(CCCCC1NN(CC(O)CCCCCCC/C=C\C/C=C\C/C=C\CCC)C(=O)C(CCCCN(CC(O)CCCCCCC/C=C\C/C=C\C/C=C\CCC)CC(O)CCCCCCC/C=C\C/C=C\C/C=C\CCC)NC1=O)CC(O)CCCCCCC/C=C\C/C=C\C/C=C\CCC,CCCCCCCCCCCCCCCCCC(=O)OCC(COP(=O)([O-])OCC[NH3+])OC(=O)CCCCCCCCCCCCCCCC,OC1CCC2(C)C(CCC3C2CC=C2C3(C)CCC(C(C)CCCC(C)C)C2)C1,CCCCCCCCCCCCCCCCCC(=O)OCC(OC(=O)CCCCCCCCCCCCCCCCC)COC(=O)OCC(O)COCCOCCOCCOCCOCCOCCOCCOCCOCCOCCOCCOCCOCCOCCOCCOCCOCCOCC,64:8.0:25:3.0,0.5117,"[1, 0]",True,0.26722884663587204,True,0.9765999999999999,0.5673180050521008,1.0,0.5117,0.7608354015156302,Uncertainty-driven
CCCCCCC(=O)Oc1cc(CNN)cc(OC(=O)CCCCCC)c1O,CCCCCCCCCCCCCCCCCC(=O)OCC(COP(=O)([O-])OCC[NH3+])OC(=O)CCCCCCCCCCCCCCCC,OC1CCC2(C)C(CCC3C2CC=C2C3(C)CCC(C(C)CCCC(C)C)C2)C1,CCCCCCCCCCCCCCCCCC(=O)OCC(OC(=O)CCCCCCCCCCCCCCCCC)COC(=O)OCC(O)COCCOCCOCCOCCOCCOCCOCCOCCOCCOCCOCCOCCOCCOCCOCCOCCOCCOCC,64:8.0:25:3.0,0.6631,"[1, 0]",True,0.2343196559427579,True,0.6738,0.4974528814064619,1.0,0.6631,0.6187558644219386,Uncertainty-driven
CCCCCCCCCOC(=O)CCCCCCCN(CCCCCCCC(=O)OC(CCCCCCCC)CCCCCCCC)CCCNc1nccs1,CCCCCCCCCCCCCCCCCC(=O)OCC(COP(=O)([O-])OCC[NH3+])OC(=O)CCCCCCCCCCCCCCCC,OC1CCC2(C)C(CCC3C2CC=C2C3(C)CCC(C(C)CCCC(C)C)C2)C1,CCCCCCCCCCCCCCCCCC(=O)OCC(OC(=O)CCCCCCCCCCCCCCCCC)COC(=O)OCC(O)COCCOCCOCCOCCOCCOCCOCCOCCOCCOCCOCCOCCOCCOCCOCCOCCOCCOCC,30:15.5:53:1.5,0.6916,"[1, 0]",True,0.247796491003803,True,0.6168,0.5260637566076198,1.0,0.6916,0.604539126982286,Uncertainty-driven
CCCCCCCCC(O)CN(CCN1CCN(CCN(CC(O)CCCCCCCC)CC(O)CCCCCCCC)CC1)CCN(CC(O)CCCCCCCC)CC(O)CCCCCCCC,CCCCCCCCCCCCCCCCCC(=O)OCC(COP(=O)([O-])OCC[NH3+])OC(=O)CCCCCCCCCCCCCCCC,OC1CCC2(C)C(CCC3C2CC=C2C3(C)CCC(C(C)CCCC(C)C)C2)C1,CCCCCCCCCCCCCCCCCC(=O)OCC(OC(=O)CCCCCCCCCCCCCCCCC)COC(=O)OCC(O)COCCOCCOCCOCCOCCOCCOCCOCCOCCOCCOCCOCCOCCOCCOCCOCCOCCOCC,64:7.5:25:3.5,0.6298,"[1, 0]",True,0.22124137931034485,True,0.7404,0.469688132570308,1.0,0.6298,0.6370664397710923,Uncertainty-driven
CCCCCCCC(CCCN)NCc1cc(OC(=O)CC(CC)CCC)c(O)c(OC(=O)CC(CC)CCC)c1,CCCCCCCCCCCCCCCCCC(=O)OCC(COP(=O)([O-])OCC[NH3+])OC(=O)CCCCCCCCCCCCCCCC,OC1CCC2(C)C(CCC3C2CC=C2C3(C)CCC(C(C)CCCC(C)C)C2)C1,CCCCCCCCCCCCCCCCCC(=O)OCC(OC(=O)CCCCCCCCCCCCCCCCC)COC(=O)OCC(O)COCCOCCOCCOCCOCCOCCOCCOCCOCCOCCOCCOCCOCCOCCOCCOCCOCCOCC,64:7.5:25:3.5,0.6758,"[1, 0]",True,0.22469883917252337,True,0.6484000000000001,0.47702820553118697,1.0,0.6758,0.6024684616593561,Uncertainty-driven
CCCCCCCCC/C=C/CCCCCCCC(O)CN(CCCCC1NN(CC(O)CCCCCCC/C=C/CCCCCCCCC)C(=O)C(CCCCN(CC(O)CCCCCCC/C=C/CCCCCCCCC)CC(O)CCCCCCC/C=C/CCCCCCCCC)NC1=O)CC(O)CCCCCCC/C=C/CCCCCCCCC,CCCCCCCCCCCCCCCCCC(=O)OCC(COP(=O)([O-])OCC[NH3+])OC(=O)CCCCCCCCCCCCCCCC,OC1CCC2(C)C(CCC3C2CC=C2C3(C)CCC(C(C)CCCC(C)C)C2)C1,CCCCCCCCCCCCCCCCCC(=O)OCC(OC(=O)CCCCCCCCCCCCCCCCC)COC(=O)OCC(O)COCCOCCOCCOCCOCCOCCOCCOCCOCCOCCOCCOCCOCCOCCOCCOCCOCCOCC,62:8.5:26:3.5,0.5866,"[1, 0]",True,0.2427772801910733,True,0.8268,0.5154081380205526,1.0,0.5866,0.6853424414061657,Uncertainty-driven
CCCCCCCCC(=O)OCC(CCCC)CCN(CCCCCCCC(=O)OCC(CC)CCCC)CCCNC(=O)c1cc(C(=O)NCCCN(CCC(CCCC)COC(=O)CCCCCCCC)CCC(CCCC)COC(=O)CCCCCCCC)cc(C(=O)NCCN(CCC(CCCC)COC(=O)CCCCCCCC)CCC(CCCC)COC(=O)CCCCCCCC)c1,CCCCCCCCCCCCCCCCCC(=O)OCC(COP(=O)([O-])OCC[NH3+])OC(=O)CCCCCCCCCCCCCCCC,OC1CCC2(C)C(CCC3C2CC=C2C3(C)CCC(C(C)CCCC(C)C)C2)C1,CCCCCCCCCCCCCCCCCC(=O)OCC(OC(=O)CCCCCCCCCCCCCCCCC)COC(=O)OCC(O)COCCOCCOCCOCCOCCOCCOCCOCCOCCOCCOCCOCCOCCOCCOCCOCCOCCOCC,64:8.0:25:3.0,0.5599,"[1, 0]",True,0.47103889574477814,False,0.8802000000000001,1.0,0.5,0.5599,0.42604,Uncertainty-driven
CCCCCC(CC)CC(=O)Oc1cc(CN2CCC(N)CC2)cc(OC(=O)CC(CC)CCCCC)c1O,CCCCCCCCCCCCCCCCCC(=O)OCC(COP(=O)([O-])OCC[NH3+])OC(=O)CCCCCCCCCCCCCCCC,OC1CCC2(C)C(CCC3C2CC=C2C3(C)CCC(C(C)CCCC(C)C)C2)C1,CCCCCCCCCCCCCCCCCC(=O)OCC(OC(=O)CCCCCCCCCCCCCCCCC)COC(=O)OCC(O)COCCOCCOCCOCCOCCOCCOCCOCCOCCOCCOCCOCCOCCOCCOCCOCCOCCOCC,64:7.5:25:3.5,0.6355,"[1, 0]",True,0.09536541889483066,True,0.7290000000000001,0.2024576309012542,1.0,0.6355,0.5523372892703763,Uncertainty-driven
CCCCCCCCCOC(=O)CCCCCCCN(CCCCCCCCC(=O)OC(CCCCCCCC)CCCCCCCC)CCCN/C(=N\[N+](=O)[O-])N(C)C,CCCCCCCCCCCCCCCCCC(=O)OCC(COP(=O)([O-])OCC[NH3+])OC(=O)CCCCCCCCCCCCCCCC,OC1CCC2(C)C(CCC3C2CC=C2C3(C)CCC(C(C)CCCC(C)C)C2)C1,CCCCCCCCCCCCCCCCCC(=O)OCC(OC(=O)CCCCCCCCCCCCCCCCC)COC(=O)OCC(O)COCCOCCOCCOCCOCCOCCOCCOCCOCCOCCOCCOCCOCCOCCOCCOCCOCCOCC,30:15.5:53:1.5,0.7017,"[1, 0]",True,0.18900040382925148,True,0.5966,0.4012416077241679,1.0,0.7017,0.5590124823172504,Uncertainty-driven
CCCCCCCCCOC(=O)CCCCCCCN(CCCCCCCC(=O)OC(CCCCCCCC)CCCCCCCC)CCCOC(=O)NC,CCCCCCCCCCCCCCCCCC(=O)OCC(COP(=O)([O-])OCC[NH3+])OC(=O)CCCCCCCCCCCCCCCC,OC1CCC2(C)C(CCC3C2CC=C2C3(C)CCC(C(C)CCCC(C)C)C2)C1,CCCCCCCCCCCCCCCCCC(=O)OCC(OC(=O)CCCCCCCCCCCCCCCCC)COC(=O)OCC(O)COCCOCCOCCOCCOCCOCCOCCOCCOCCOCCOCCOCCOCCOCCOCCOCCOCCOCC,30:16.0:53:1.0,0.7176,"[1, 0]",True,0.16450704225352114,True,0.5648,0.34924301101167576,1.0,0.7176,0.5306929033035027,Uncertainty-driven
