ionizable_smiles,helper_smiles,sterol_smiles,peg_smiles,molar_ratio,prob_high_EE,conformal_set,in_AD,knn_distance,uncertainty
CCCCCCCCCOC(=O)CCCCCCCN(CCCCCCCC(=O)OC(CCCCCCCC)CCCCCCCC)CCCOC(=O)NC,CCCCCCCCCCCCCCCCCC(=O)OCC(COP(=O)([O-])OCC[NH3+])OC(=O)CCCCCCCCCCCCCCCC,OC1CCC2(C)C(CCC3C2CC=C2C3(C)CCC(C(C)CCCC(C)C)C2)C1,CCCCCCCCCCCCCCCCCC(=O)OCC(OC(=O)CCCCCCCCCCCCCCCCC)COC(=O)OCC(O)COCCOCCOCCOCCOCCOCCOCCOCCOCCOCCOCCOCCOCCOCCOCCOCCOCCOCC,47.5:11.5:39:2.0,0.7466,"[1, 0]",True,0.16450704225352114,0.24660000000000004
CCCCCCCCCOC(=O)CCCCCCCN(CCCCCCCC(=O)OC(CCCCCCCC)CCCCCCCC)CCCOC(=O)NC,CCCCCCCCCCCCCCCCCC(=O)OCC(COP(=O)([O-])OCC[NH3+])OC(=O)CCCCCCCCCCCCCCCC,OC1CCC2(C)C(CCC3C2CC=C2C3(C)CCC(C(C)CCCC(C)C)C2)C1,CCCCCCCCCCCCCCCCCC(=O)OCC(OC(=O)CCCCCCCCCCCCCCCCC)COC(=O)OCC(O)COCCOCCOCCOCCOCCOCCOCCOCCOCCOCCOCCOCCOCCOCCOCCOCCOCCOCC,47.5:12.0:39:1.5,0.7466,"[1, 0]",True,0.16450704225352114,0.24660000000000004
CCCCCCCCCOC(=O)CCCCCCCN(CCCCCCCC(=O)OC(CCCCCCCC)CCCCCCCC)CCCOC(=O)NC,CCCCCCCCCCCCCCCCCC(=O)OCC(COP(=O)([O-])OCC[NH3+])OC(=O)CCCCCCCCCCCCCCCC,OC1CCC2(C)C(CCC3C2CC=C2C3(C)CCC(C(C)CCCC(C)C)C2)C1,CCCCCCCCCCCCCCCCCC(=O)OCC(OC(=O)CCCCCCCCCCCCCCCCC)COC(=O)OCC(O)COCCOCCOCCOCCOCCOCCOCCOCCOCCOCCOCCOCCOCCOCCOCCOCCOCCOCC,47.5:11.0:39:2.5,0.7466,"[1, 0]",True,0.16450704225352114,0.24660000000000004
CCCCCCCCCOC(=O)CCCCCCCN(CCCCCCCC(=O)OC(CCCCCCCC)CCCCCCCC)CCCOC(=O)NC,CCCCCCCCCCCCCCCCCC(=O)OCC(COP(=O)([O-])OCC[NH3+])OC(=O)CCCCCCCCCCCCCCCC,OC1CCC2(C)C(CCC3C2CC=C2C3(C)CCC(C(C)CCCC(C)C)C2)C1,CCCCCCCCCCCCCCCCCC(=O)OCC(OC(=O)CCCCCCCCCCCCCCCCC)COC(=O)OCC(O)COCCOCCOCCOCCOCCOCCOCCOCCOCCOCCOCCOCCOCCOCCOCCOCCOCCOCC,47.5:11.5:40:1.0,0.7446,"[1, 0]",True,0.16450704225352114,0.24460000000000004
CCCCCCCCCOC(=O)CCCCCCCN(CCCCCCCC(=O)OC(CCCCCCCC)CCCCCCCC)CCCOC(=O)NC,CCCCCCCCCCCCCCCCCC(=O)OCC(COP(=O)([O-])OCC[NH3+])OC(=O)CCCCCCCCCCCCCCCC,OC1CCC2(C)C(CCC3C2CC=C2C3(C)CCC(C(C)CCCC(C)C)C2)C1,CCCCCCCCCCCCCCCCCC(=O)OCC(OC(=O)CCCCCCCCCCCCCCCCC)COC(=O)OCC(O)COCCOCCOCCOCCOCCOCCOCCOCCOCCOCCOCCOCCOCCOCCOCCOCCOCCOCC,45.0:12.5:40:2.5,0.7406,"[1, 0]",True,0.16450704225352114,0.24060000000000004
CCCCCCCCCOC(=O)CCCCCCCN(CCCCCCCC(=O)OC(CCCCCCCC)CCCCCCCC)CCCOC(=O)NC,CCCCCCCCCCCCCCCCCC(=O)OCC(COP(=O)([O-])OCC[NH3+])OC(=O)CCCCCCCCCCCCCCCC,OC1CCC2(C)C(CCC3C2CC=C2C3(C)CCC(C(C)CCCC(C)C)C2)C1,CCCCCCCCCCCCCCCCCC(=O)OCC(OC(=O)CCCCCCCCCCCCCCCCC)COC(=O)OCC(O)COCCOCCOCCOCCOCCOCCOCCOCCOCCOCCOCCOCCOCCOCCOCCOCCOCCOCC,45.0:12.5:41:1.5,0.7386,"[1, 0]",True,0.16450704225352114,0.23860000000000003
CCCCCCCCCOC(=O)CCCCCCCN(CCCCCCCC(=O)OC(CCCCCCCC)CCCCCCCC)CCCOC(=O)NC,CCCCCCCCCCCCCCCCCC(=O)OCC(COP(=O)([O-])OCC[NH3+])OC(=O)CCCCCCCCCCCCCCCC,OC1CCC2(C)C(CCC3C2CC=C2C3(C)CCC(C(C)CCCC(C)C)C2)C1,CCCCCCCCCCCCCCCCCC(=O)OCC(OC(=O)CCCCCCCCCCCCCCCCC)COC(=O)OCC(O)COCCOCCOCCOCCOCCOCCOCCOCCOCCOCCOCCOCCOCCOCCOCCOCCOCCOCC,45.0:12.0:41:2.0,0.7386,"[1, 0]",True,0.16450704225352114,0.23860000000000003
CCCCCCCCCOC(=O)CCCCCCCN(CCCCCCCC(=O)OC(CCCCCCCC)CCCCCCCC)CCCOC(=O)NC,CCCCCCCCCCCCCCCCCC(=O)OCC(COP(=O)([O-])OCC[NH3+])OC(=O)CCCCCCCCCCCCCCCC,OC1CCC2(C)C(CCC3C2CC=C2C3(C)CCC(C(C)CCCC(C)C)C2)C1,CCCCCCCCCCCCCCCCCC(=O)OCC(OC(=O)CCCCCCCCCCCCCCCCC)COC(=O)OCC(O)COCCOCCOCCOCCOCCOCCOCCOCCOCCOCCOCCOCCOCCOCCOCCOCCOCCOCC,45.0:12.0:42:1.0,0.7386,"[1, 0]",True,0.16450704225352114,0.23860000000000003
CCCCCCCCCOC(=O)CCCCCCCN(CCCCCCCC(=O)OC(CCCCCCCC)CCCCCCCC)CCCOC(=O)NC,CCCCCCCCCCCCCCCCCC(=O)OCC(COP(=O)([O-])OCC[NH3+])OC(=O)CCCCCCCCCCCCCCCC,OC1CCC2(C)C(CCC3C2CC=C2C3(C)CCC(C(C)CCCC(C)C)C2)C1,CCCCCCCCCCCCCCCCCC(=O)OCC(OC(=O)CCCCCCCCCCCCCCCCC)COC(=O)OCC(O)COCCOCCOCCOCCOCCOCCOCCOCCOCCOCCOCCOCCOCCOCCOCCOCCOCCOCC,42.5:13.0:42:2.5,0.7386,"[1, 0]",True,0.16450704225352114,0.23860000000000003
CCCCCCCCCOC(=O)CCCCCCCN(CCCCCCCC(=O)OC(CCCCCCCC)CCCCCCCC)CCCOC(=O)NC,CCCCCCCCCCCCCCCCCC(=O)OCC(COP(=O)([O-])OCC[NH3+])OC(=O)CCCCCCCCCCCCCCCC,OC1CCC2(C)C(CCC3C2CC=C2C3(C)CCC(C(C)CCCC(C)C)C2)C1,CCCCCCCCCCCCCCCCCC(=O)OCC(OC(=O)CCCCCCCCCCCCCCCCC)COC(=O)OCC(O)COCCOCCOCCOCCOCCOCCOCCOCCOCCOCCOCCOCCOCCOCCOCCOCCOCCOCC,35.0:15.0:49:1.0,0.7326,"[1, 0]",True,0.16450704225352114,0.23260000000000003
