S.No.,IUPAC,SMILES,pKa
1,"2,2-dilinoleyl-4-dimethylaminoethyl-[1,3]-dioxolane",C(CCCCCCC\C=C/C\C=C/CCCCC)C1(OCC(O1)CCN(C)C)CCCCCCCC\C=C/C\C=C/CCCCC,6.68
2,"{2,2-bis[(9Z,12Z)-Octadeca-9,12-dien-1-yl]-1,3-dioxan-5-yl}methyl) dimethylamine",C(CCCCCCCC=CCC=CCCCCC)C1(OCC(CO1)CN(C)C)CCCCCCCCC=CCC=CCCCCC,5.97
3,,,5.94
4,"2,2-dilinoleyl-4-dimethylaminoethyl-[1,3]-dioxolane",C(CCCCCCC\C=C/C\C=C/CCCCC)C1(OCC(O1)CCN(C)C)CCCCCCCC\C=C/C\C=C/CCCCC,6.65
5,"2,2-dilinoleyl-4-dimethylaminoethyl-[1,3]-dioxolane",C(CCCCCCC\C=C/C\C=C/CCCCC)C1(OCC(O1)CCN(C)C)CCCCCCCC\C=C/C\C=C/CCCCC,6.79
6,"(3aR,5s,6aS)-N,N-dimethyl-2,2-di((9Z,12Z)-octadeca-9,12-dien-1- yl)tetrahydro-3aH-cyclopenta[d][1,3]dioxol-5-amine",CCCCC/C=C\C/C=C\CCCCCCCC1(O[C@@H]2C[C@@H](N(C)C)C[C@@H]2O1)CCCCCCCC/C=C\C/C=C\CCCCC,6.42
7,"(3aR,5r,6aS)-N,N-dimethyl-2,2-di((9Z,12Z)-octadeca-9,12-dien-1- yl)tetrahydro-3aH-cyclopenta[d][1,3]dioxol-5-amine",CCCCC/C=C\C/C=C\CCCCCCCC1(O[C@@H]2C[C@H](N(C)C)C[C@@H]2O1)CCCCCCCC/C=C\C/C=C\CCCCC,6.43
8,"(3aR,5R,7aS)-N,N-dimethyl-2,2-di((9Z,12Z)-octadeca-9,12-dien-1- yl)hexahydrobenzo[d][1,3]dioxol-5-amine",CN([C@H]1C[C@@H]2[C@@H](OC(O2)(CCCCCCCC\C=C/C\C=C/CCCCC)CCCCCCCC\C=C/C\C=C/CCCCC)CC1)C,7.29
9,"(3aS,5R,7aR)-N,N-dimethyl-2,2-di((9Z,12Z)-octadeca-9,12-dien-1- yl)hexahydrobenzo[d][1,3]dioxol-5-amine",CN([C@H]1C[C@H]2[C@H](OC(O2)(CCCCCCCC\C=C/C\C=C/CCCCC)CCCCCCCC\C=C/C\C=C/CCCCC)CC1)C,6.98
10,"(2-{2,2-bis[(9Z,12Z)-Octadeca-9,12-dien-1-yl]-1,3-dioxan-4-yl}ethyl)dimethylamine",C(CCCCCCC\C=C/C\C=C/CCCCC)C1(OCCC(O1)CCN(C)C)CCCCCCCC\C=C/C\C=C/CCCCC,6.73
11,"(3aR,6aS)-5-methyl-2-((6Z,9Z)-octadeca-6,9-dien-1-yl)-2-((9Z,12Z)- octadeca-9,12-dien-1-yl)tetrahydro-3aH-[1,3]dioxolo[4,5-c]pyrrole",CN1C[C@H]2[C@@H](C1)OC(O2)(CCCCCCCC\C=C/C\C=C/CCCCC)CCCCC\C=C/C\C=C/CCCCCCCC,5.65
12,"(3aS,7aR)-5-methyl-2,2-di((9Z,12Z)-octadeca-9,12-dien-1-yl)hexahydro- [1,3]dioxolo[4,5-c]pyridine",CN1C[C@H]2[C@@H](CC1)OC(O2)(CCCCCCCC\C=C/C\C=C/CCCCC)CCCCCCCC\C=C/C\C=C/CCCCC,5.6
13,"(3aR,8aS)-6-methyl-2,2-di((9Z,12Z)-octadeca-9,12-dien-1-yl)hexahydro3aH-[1,3]dioxolo[4,5-d]azepine ",CN1CC[C@H]2[C@@H](CC1)OC(O2)(CCCCCCCC\C=C/C\C=C/CCCCC)CCCCCCCC\C=C/C\C=C/CCCCC,6.85
14,"(6Z,9Z,28Z,31Z)-heptatriaconta-6,9,28,31-tetraen-19-yl 2- (dimethylamino)acetate",CN(CC(=O)OC(CCCCCCCC\C=C/C\C=C/CCCCC)CCCCCCCC\C=C/C\C=C/CCCCC)C,4.17
15,"(6Z,9Z,28Z,31Z)-heptatriaconta-6,9,28,31-tetraen-19-yl 3- (dimethylamino)propanoate",CN(CCC(=O)OC(CCCCCCCC\C=C/C\C=C/CCCCC)CCCCCCCC\C=C/C\C=C/CCCCC)C,5.64
16,"(6Z,9Z,28Z,31Z)-heptatriaconta-6,9,28,31-tetraen-19-yl 4-(dimethylamino) butanoate",CN(CCCC(=O)OC(CCCCCCCC\C=C/C\C=C/CCCCC)CCCCCCCC\C=C/C\C=C/CCCCC)C,6.44
17,"(6Z,9Z,28Z,31Z)-heptatriaconta-6,9,28,31-tetraen-19-yl 5-(dimethylamino) pentanoate",CN(CCCCC(=O)OC(CCCCCCCC\C=C/C\C=C/CCCCC)CCCCCCCC\C=C/C\C=C/CCCCC)C,6.93
18,"(6Z,9Z,28Z,31Z)-heptatriaconta-6,9,28,31-tetraen-19-yl 6-(dimethylamino) hexanoate",CN(CCCCCC(=O)OC(CCCCCCCC\C=C/C\C=C/CCCCC)CCCCCCCC\C=C/C\C=C/CCCCC)C,7.16
19,"(3-{2,2-bis[(9Z,12Z)-Octadeca-9,12-dien-1-yl]-1,3-dioxan-4-yl}propyl) dimethylamine",C(CCCCCCC\C=C/C\C=C/CCCCC)C1(OCCC(O1)CCCN(C)C)CCCCCCCC\C=C/C\C=C/CCCCC,6.95
20,"1-((3aR,5r,6aS)-2,2-di((9Z,12Z)-octadeca-9,12-dien-1-yl)tetrahydro-3aHcyclopenta[d][1,3]dioxol-5-yl)-N,N-dimethylmethanamine",CCCCC/C=C\C/C=C\CCCCCCCC1(O[C@@H]2C[C@H](CN(C)C)C[C@@H]2O1)CCCCCCCC/C=C\C/C=C\CCCCC,6.78
21,"1-((3aR,5s,6aS)-2,2-di((9Z,12Z)-octadeca-9,12-dien-1-yl)tetrahydro-3aHcyclopenta[d][1,3]dioxol-5-yl)-N,N-dimethylmethanamine",CCCCC/C=C\C/C=C\CCCCCCCC1(O[C@@H]2C[C@@H](CN(C)C)C[C@@H]2O1)CCCCCCCC/C=C\C/C=C\CCCCC,6.77
22,"8-methyl-2,2-di((9Z,12Z)-octadeca-9,12-dien-1-yl)-1,3-dioxa-8- azaspiro[4.5]decane",CN1CCC2(COC(O2)(CCCCCCCC\C=C/C\C=C/CCCCC)CCCCCCCC\C=C/C\C=C/CCCCC)CC1,6.53
23,"2-(2,2-di((9Z,12Z)-octadeca-9,12-dien-1-yl)-1,3-dioxolan-4-yl)-N-methyl-N- (pyridin-3-ylmethyl)ethanamine",C(CCCCCCC\C=C/C\C=C/CCCCC)C1(OCC(O1)CCN(CC=1C=NC=CC1)C)CCCCCCCC\C=C/C\C=C/CCCCC,4.95
24,"1,3-bis(9Z,12Z)-Octadeca-9,12-dien-1-yl 2-[2-(dimethylamino)ethyl] propanedioate",CN(CCC(C(=O)OCCCCCCCC\C=C/C\C=C/CCCCC)C(=O)OCCCCCCCC\C=C/C\C=C/CCCCC)C,6.66
25,"N,N-dimethyl-1-((3aR,5R,7aS)-2-((8Z,11Z)-octadeca-8,11-dien-1-yl)-2- ((9Z,12Z)-octadeca-9,12-dien-1-yl)hexahydrobenzo[d][1,3]dioxol-5-yl)methanamine",CN(C[C@H]1C[C@@H]2[C@@H](OC(O2)(CCCCCCCC\C=C/C\C=C/CCCCC)CCCCCCC\C=C/C\C=C/CCCCCC)CC1)C,6.6
26,"N,N-dimethyl-1-((3aR,5S,7aS)-2-((8Z,11Z)-octadeca-8,11-dien-1-yl)-2- ((9Z,12Z)-octadeca-9,12-dien-1-yl)hexahydrobenzo[d][1,3]dioxol-5-yl)methanamine",CN(C[C@@H]1C[C@@H]2[C@@H](OC(O2)(CCCCCCCC\C=C/C\C=C/CCCCC)CCCCCCC\C=C/C\C=C/CCCCCC)CC1)C,6.65
27,"(1s,3R,4S)-N,N-dimethyl-3,4-bis((9Z,12Z)-octadeca-9,12-dien-1-yloxy) cyclopentan amine ",CN(C1CC(C(C1)OCCCCCCCC\C=C/C\C=C/CCCCC)OCCCCCCCC\C=C/C\C=C/CCCCC)C,7.73
28,"2-(4,5-di((8Z,11Z)-heptadeca-8,11-dien-1-yl)-2-methyl-1,3-dioxolan-2-yl)- N,N-dimethylethanamine",C(CCCCCC\C=C/C\C=C/CCCCC)C1OC(OC1CCCCCCC\C=C/C\C=C/CCCCC)(C)CCN(C)C,6.6
29,"2,3-di((8Z,11Z)-heptadeca-8,11-dien-1-yl)-N,N-dimethyl-1,4- dioxaspiro[4.5] decan-8-amine",C(CCCCCC\C=C/C\C=C/CCCCC)C1OC2(OC1CCCCCCC\C=C/C\C=C/CCCCC)CCC(CC2)N(C)C,7.06
30,"(6Z,9Z,28Z,31Z)-heptatriaconta-6,9,28,31-tetraen-19-yl 4-(diethylamino) butanoate ",C(C)N(CCCC(=O)OC(CCCCCCCC\C=C/C\C=C/CCCCC)CCCCCCCC\C=C/C\C=C/CCCCC)CC,6.17
31,"(6Z,9Z,28Z,31Z)-heptatriaconta-6,9,28,31-tetraen-19-yl 4-[bis(propan-2- yl)amino]butanoate",CC(C)N(CCCC(=O)OC(CCCCCCCC\C=C/C\C=C/CCCCC)CCCCCCCC\C=C/C\C=C/CCCCC)C(C)C,5.44
32,"N-(4-N,N-dimethylamino)butanoyl-(6Z,9Z,28Z,31Z)-heptatriaconta6,9,28,31-tetraen-19-amine",CN(CCCC(=O)NC(CCCCCCCC\C=C/C\C=C/CCCCC)CCCCCCCC\C=C/C\C=C/CCCCC)C,7.88
33,"(2-{2,2-bis[(9Z,12Z)-Octadeca-9,12-dien-1-yl]-1,3-dioxan-5-yl}ethyl) dimethylamine",C(CCCCCCC\C=C/C\C=C/CCCCC)C1(OCC(CO1)CCN(C)C)CCCCCCCC\C=C/C\C=C/CCCCC,7.25
34,"(4-{2,2-bis[(9Z,12Z)-Octadeca-9,12-dien-1-yl]-1,3-dioxan-5-yl}butyl) dimethylamine",C(CCCCCCC\C=C/C\C=C/CCCCC)C1(OCC(CO1)CCCCN(C)C)CCCCCCCC\C=C/C\C=C/CCCCC,7.61
35,"(6Z,9Z,28Z,31Z)-heptatriaconta-6,9,28,31-tetraen-19-yl (2-(dimethylamino) ethyl)carbamate",CN(CCNC(OC(CCCCCCCC\C=C/C\C=C/CCCCC)CCCCCCCC\C=C/C\C=C/CCCCC)=O)C,6.49
36,"2-(dimethylamino)ethyl (6Z,9Z,28Z,31Z)-heptatriaconta-6,9,28,31-tetraen19-ylcarbamate ",CCCCC\C=C/C\C=C/CCCCCCCCC(CCCCCCCC\C=C/C\C=C/CCCCC)NC(OCCN(C)C)=O,6.52
37,"(6Z,9Z,28Z,31Z)-heptatriaconta-6,9,28,31-tetraen-19-yl 3-(ethylamino) propanoate",C(C)NCCC(=O)OC(CCCCCCCC\C=C/C\C=C/CCCCC)CCCCCCCC\C=C/C\C=C/CCCCC,7.62
38,"(6Z,9Z,28Z,31Z)-heptatriaconta-6,9,28,31-tetraen-19-yl 4-(propan-2- ylamino) butanoate",CC(C)NCCCC(=O)OC(CCCCCCCC\C=C/C\C=C/CCCCC)CCCCCCCC\C=C/C\C=C/CCCCC,7.31
39,"N1,N1,N2-trimethyl-N2-((11Z,14Z)-2-((9Z,12Z)-octadeca-9,12-dien-1- yl)icosa-11,14-dien-1-yl)ethane-1,2-diamine",CN(CCN(CC(CCCCCCCC\C=C/C\C=C/CCCCC)CCCCCCCC\C=C/C\C=C/CCCCC)C)C,6.62
40,"3-(dimethylamino)-N-((11Z,14Z)-2-((9Z,12Z)-octadeca-9,12-dien-1-yl)icosa11,14-dien-1-yl)propanamide",CN(CCC(=O)NCC(CCCCCCCC\C=C/C\C=C/CCCCC)CCCCCCCC\C=C/C\C=C/CCCCC)C,8.02
41,"(6Z,9Z,28Z,31Z)-heptatriaconta-6,9,28,31-tetraen-19-yl 4-(methylamino) butanoate",CNCCCC(=O)OC(CCCCCCCC\C=C/C\C=C/CCCCC)CCCCCCCC\C=C/C\C=C/CCCCC,8.11
42,"Dimethyl({4-[(9Z,12Z)-octadeca-9,12-dien-1-yloxy]-3-{[(9Z,12Z)-octadeca-9,12-dien-1- yloxy]methyl}butyl})amin",CN(CCC(COCCCCCCCC\C=C/C\C=C/CCCCC)COCCCCCCCC\C=C/C\C=C/CCCCC)C,7.23
43,"2,3-di((8Z,11Z)-heptadeca-8,11-dien-1-yl)-8-methyl-1,4-dioxa-8- azaspiro[4.5]decane ",C(CCCCCC\C=C/C\C=C/CCCCC)C1OC2(OC1CCCCCCC\C=C/C\C=C/CCCCC)CCN(CC2)C,6.08
44,"(6Z,9Z,28Z,31Z)-heptatriaconta-6,9,28,31- tetraen-19-ylcarbamate ",CCCCC\C=C/C\C=C/CCCCCCCCC(CCCCCCCC\C=C/C\C=C/CCCCC)NC([O-])=O,7.21
45,"2-(dimethylamino)ethyl ((11Z,14Z)-2-((9Z,12Z)-octadeca-9,12-dien-1- yl)icosa-11,14-dien-1-yl)carbamate",C(CCCCCCC\C=C/C\C=C/CCCCC)C(CNC(OCCN(C)C)=O)CCCCCCCC\C=C/C\C=C/CCCCC,7.07
46,"1-((3aR,4R,6aR)-6-methoxy-2,2-di((9Z,12Z)-octadeca-9,12-dien-1- yl)tetrahydrofuro[3,4-d][1,3]dioxol-4-yl)-N,N-dimethylmethanamine",COC1O[C@@H]([C@@H]2[C@H]1OC(O2)(CCCCCCCC\C=C/C\C=C/CCCCC)CCCCCCCC\C=C/C\C=C/CCCCC)CN(C)C,5.5
47,"(6Z,9Z,28Z,31Z)-heptatriaconta-6,9,28,31-tetraen-19-yl 4-[ethyl(methyl) amino]butanoate ",C(C)N(CCCC(=O)OC(CCCCCCCC\C=C/C\C=C/CCCCC)CCCCCCCC\C=C/C\C=C/CCCCC)C,6.21
48,"(6Z,9Z,28Z,31Z)-heptatriaconta-6,9,28,31-tetraen-19-yl 4-aminobutanoate ",NCCCC(=O)OC(CCCCCCCC\C=C/C\C=C/CCCCC)CCCCCCCC\C=C/C\C=C/CCCCC,8.12
49,"3-(dimethylamino)propyl ((11Z,14Z)-2-((9Z,12Z)-octadeca-9,12-dien-1- yl)icosa-11,14-dien-1-yl)carbamate",C(CCCCCCC\C=C/C\C=C/CCCCC)C(CNC(OCCCN(C)C)=O)CCCCCCCC\C=C/C\C=C/CCCCC,7.57
50,"1-((3aR,4R,6aS)-2,2-di((9Z,12Z)-octadeca-9,12-dien-1- yl)tetrahydrofuro[3,4-d][1,3]dioxol-4-yl)-N,N-dimethylmethanamine",C(CCCCCCC\C=C/C\C=C/CCCCC)C1(O[C@H]2[C@@H](O1)CO[C@@H]2CN(C)C)CCCCCCCC\C=C/C\C=C/CCCCC,6.87
51,"(3aR,5R,7aR)-N,N-dimethyl-2,2-di((9Z,12Z)-octadeca-9,12-dien-1- yl)hexahydrobenzo[d][1,3]dioxol-5-amine",CN([C@H]1C[C@@H]2[C@H](OC(O2)(CCCCCCCC\C=C/C\C=C/CCCCC)CCCCCCCC\C=C/C\C=C/CCCCC)CC1)C,5.49
52,"(11Z,14Z)-N,N-dimethyl-2-((9Z,12Z)-octadeca-9,12-dien-1-yl)icosa-11,14- dien-1-amine ",CN(CC(CCCCCCCC\C=C/C\C=C/CCCCC)CCCCCCCC\C=C/C\C=C/CCCCC)C,5.73
53,"1,2-Dilinoleyloxy-3-dimethylaminopropane",C(CCCCCCC\C=C/C\C=C/CCCCC)OCC(CN(C)C)OCCCCCCCC\C=C/C\C=C/CCCCC,6.38
54,"(3aS,4S,5R,7R,7aR)-N,N-dimethyl-2-((7Z,10Z)-octadeca-7,10-dien-1-yl)-2- ((9Z,12Z)-octadeca-9,12-dien-1-yl)hexahydro-4,7-methanobenzo[d][1,3]dioxol-5-amine",CN([C@H]1[C@H]2[C@H]3[C@H](OC(O3)(CCCCCCCC\C=C/C\C=C/CCCCC)CCCCCC\C=C/C\C=C/CCCCCCC)[C@@H](C1)C2)C,6.63
55,"N,N-dimethyl-3,4-bis((9Z,12Z)-octadeca-9,12-dien-1-yloxy)butan-1-amine",CN(CCC(COCCCCCCCC\C=C/C\C=C/CCCCC)OCCCCCCCC\C=C/C\C=C/CCCCC)C,7.27
56,"3-(4,5-di((8Z,11Z)-heptadeca-8,11-dien-1-yl)-1,3-dioxolan-2-yl)-N,Ndimethylpropan-1-amine",C(CCCCCC\C=C/C\C=C/CCCCC)C1OC(OC1CCCCCCC\C=C/C\C=C/CCCCC)CCCN(C)C,6.91
