Feature,Prevalence_%,r_pointbiserial,p_pointbiserial,rho_spearman,p_spearman,delta_EE,p_mwu,q_fdr,p_bonferroni,FDR_sig,Bonf_sig
Ether linker,84.070796460177,,,0.25521936066987505,3.746625190749287e-08,19.68179649122807,5.975243193092686e-08,3.5851459158556116e-07,1.0755437747566834e-06,True,True
Terminal OH,5.530973451327434,,,0.18645441831437182,6.659745228944513e-05,15.272138173302125,7.529570322002761e-05,0.0002710645315920994,0.001355322657960497,True,True
Amide linker,4.646017699115045,,,0.14102352434492643,0.0026564214037070526,13.168189039885092,0.002753212305265857,0.004955782149478542,0.04955782149478542,True,True
Ester linker,70.35398230088495,,,0.1748213006199843,0.0001875184934642174,11.448258847273067,0.00020542991689168224,0.00046221731300628507,0.00369773850405028,True,True
Thioether,8.185840707964601,,,0.09899391486932604,0.03538000469590386,10.376168218821235,0.035583656997947466,0.04270038839753696,0.6405058259630544,True,False
Secondary amine,19.469026548672566,,,0.11052835539711574,0.01874497002255904,9.349010739260748,0.018934932963043143,0.0243449138096269,0.34082879333477656,True,False
Unsaturated tail,33.849557522123895,,,0.07813624074150499,0.09708823989850422,3.7242634271099746,0.09711979483037975,0.10283272393804914,1.0,False,False
Long alkyl chain,75.4424778761062,,,0.08261092460406777,0.07935018586018262,-0.8785151515151597,0.07943562752735221,0.08936508096827124,1.0,False,False
Tertiary amine,90.48672566371681,,,0.05915203586656025,0.20940378548131036,-1.0697427076817974,0.2092668548570361,0.2092668548570361,1.0,False,False
Aromatic feature,24.557522123893804,,,-0.16151873670800088,0.0005666667183798048,-1.9145441599957707,0.0006042123420355153,0.0012084246840710306,0.010875822156639275,True,True
Aliphatic OH,21.238938053097346,,,-0.13212931373678263,0.004897870489561281,-11.304599016853949,0.00502294820496596,0.006954851360722099,0.09041306768938728,True,False
Tertiary amine near OH,19.24778761061947,,,-0.13578326729614812,0.003825492883145534,-12.405292615336165,0.003937323581723729,0.005905985372585593,0.07087182447102712,True,False
OH near amine,19.24778761061947,,,-0.13578326729614812,0.003825492883145534,-12.405292615336165,0.003937323581723729,0.005905985372585593,0.07087182447102712,True,False
Multiple nearby nitrogens,27.212389380530972,,,-0.1813378898876615,0.00010583542561263122,-13.591284330442086,0.00011781688022913756,0.0003029576920177823,0.002120703844124476,True,True
Nitrogen-rich feature,27.212389380530972,,,-0.1813378898876615,0.00010583542561263122,-13.591284330442086,0.00011781688022913756,0.0003029576920177823,0.002120703844124476,True,True
Amine in ring,36.50442477876106,,,-0.3034065039142924,4.440171657995765e-11,-14.93535096610708,1.1713678125087775e-10,1.0542310312578998e-09,2.1084620625157996e-09,True,True
Tertiary amine near ester,7.52212389380531,,,-0.21588915364059624,3.623415994121208e-06,-16.978147621728134,4.559381472749226e-06,2.0517216627371518e-05,8.206886650948606e-05,True,True
Primary amine,32.52212389380531,,,-0.40295991673719317,4.47689503606303e-19,-17.677754589048753,1.1566294937800334e-17,2.08193308880406e-16,2.08193308880406e-16,True,True
Primary amine near ester,0.0,,,,,,,,,False,False
Secondary amine near ester,0.0,,,,,,,,,False,False
Linker OH,0.0,,,,,,,,,False,False
Carbamate,0.22123893805309736,,,0.08138343316294844,0.08393224466139312,,,,,False,False
Disulfide,0.0,,,,,,,,,False,False
Multiple unsaturations,0.0,,,,,,,,,False,False
Hydroxyl-rich feature,0.0,,,,,,,,,False,False
