lipid,n,mean_EE,sd_EE,OH_count
Custom lipid,188,77.24468085106383,17.344962541500283,0.4095744680851064
C12-200,62,52.71951612903226,28.342087248438432,5.0
DLin-KC2-DMA,48,70.55624999999999,27.129607491808173,0.0
DLin-MC3-DMA,35,87.53991428571429,9.889329675646042,0.0
A2-Iso5-2DC18,34,57.12352941176471,18.699506699432984,0.0
AX4,21,63.04761904761905,35.67979286721854,0.0
L202,9,89.11111111111111,20.34972017279626,0.0
ALC-0315,7,76.27142857142857,22.315220088967255,1.0
SM-102,7,92.52857142857144,2.7938708427044916,1.0
DLinDMA,7,91.15714285714286,4.956765458393585,0.0
4A3-SC8,5,75.2,11.077003204838393,0.0
DOTMA,4,91.601,1.1700641008081554,0.0
244-cis,4,86.2,9.180413934022802,0.0
DOTAP,4,87.21875,12.279234704030493,0.0
DODAP,3,91.105,0.8677977875058238,0.0
246C10,3,86.16666666666667,5.3304158687041765,4.0
OF-Deg-Lin,2,60.0,0.0,0.0
Heptadecan-9-yl 8-((2-hydroxyethyl)(8-(nonyloxy)-8-oxooctyl)amino)octanoate,2,95.75,2.4748737341529163,1.0
BP-Lipid-135,1,75.2,,1.0
C10-200,1,95.0,,5.0
C9-200,1,47.0,,5.0
DODMA,1,84.0,,0.0
DLenDMA,1,85.0,,0.0
DSDMA,1,67.0,,0.0
OF-02,1,55.0,,4.0
