Descriptor,Beta,P,R2
Total_N,-5.2401964910074925,4.7300291306137894e-08,0.12629663373227318
Primary_N,-13.85474892942592,3.154371830155766e-10,0.14513072359450563
Secondary_N,7.684743931140028,0.00014021637177996375,0.095857713180451
Tertiary_N,-6.123103454418522,4.228774805611548e-07,0.11798432512148271
Quaternary_N,18.937482462084652,0.003159680482106575,0.08409095936736743
Min_NN_Distance,2.836364827725463,0.005859974119458174,0.0527965638215403
Mean_NN_Distance,-0.7268572369972607,0.5235552515338366,0.030102095970961362
N_Cluster_Score,-6.212534393337117,2.5620564865049105e-07,0.11988918257157855
Polyamine,-7.412444793738077,0.0186545398777131,0.07756071306221146
