Feature,n_present,Prevalence_%,Phi,Chi2,p_chi2,rho_spearman,p_spearman,Delta_EE,p_mwu,q_fdr,p_bonf,FDR_sig,Bonf_sig
Ether_Linker,326,72.12389380530973,0.24552194646508263,27.24702384059331,1.790505245377288e-07,0.2686120389368863,6.555812487642651e-09,15.856583065537052,1.1699510208168068e-08,5.264779593675631e-08,1.052955918735126e-07,True,True
Amide_Headgroup,21,4.646017699115045,0.07247128217515217,2.373943206529959,0.1233750634503683,0.14102352434492643,0.0026564214037070526,13.168189039885092,0.002753212305265857,0.004955782149478542,0.02477891074739271,True,True
Ether_Tail,77,17.035398230088493,0.18806126643748433,15.98590205019985,6.381593740923392e-05,0.31097072834623507,1.3668424024527066e-11,11.975204259740252,4.014756594215506e-11,3.6132809347939556e-10,3.6132809347939556e-10,True,True
Ester_Linker,169,37.389380530973455,0.04108998809080785,0.7631509788288344,0.3823442272588089,0.07110877684412828,0.13116632149662497,6.760478620862699,0.1311077548079609,0.1311077548079609,1.0,False,False
Ester_Headgroup,156,34.51327433628318,0.11518539380703603,5.996989075809853,0.014330314556722496,0.11040795986596723,0.018875124863173463,4.228109580734568,0.019061365247222472,0.021444035903125283,0.17155228722500224,True,False
Ester_Tail,41,9.070796460176991,0.09120701643285385,3.7600613706554586,0.052490651928607614,0.14630736681025555,0.0018163699571458996,3.8623736870215453,0.0018933706588456262,0.004260083982402659,0.017040335929610635,True,True
OH_Linker,62,13.716814159292035,0.13068042461085846,7.718972766166368,0.0054643479104720515,-0.1325379916141991,0.004765746578036499,-1.3070745244003348,0.004890575880245051,0.00628788327460078,0.04401518292220546,True,True
Ether_Headgroup,226,50.0,0.1639480890081406,12.149297102018377,0.0004910636815279802,-0.1738392717875343,0.00020404480578593417,-3.196075221238928,0.00022300300573804306,0.0006690090172141292,0.0020070270516423876,True,True
OH_Headgroup,88,19.469026548672566,0.08769223999332634,3.4758478876813097,0.06227080190411073,-0.13710055397282683,0.0034943746382490653,-12.264497002997011,0.0036013922436054307,0.005402088365408147,0.03241253019244888,True,True
