Descriptor,rho,p
Total_N,-0.30875782285827497,1.9361182986161975e-11
Primary_N,-0.4011358610997964,6.665796250388018e-19
Secondary_N,0.11923526653390155,0.011180257104352869
Tertiary_N,-0.18613770055595275,6.85595457347539e-05
Quaternary_N,0.19124282466673198,4.268336061901984e-05
Min_NN_Distance,0.1056013738228118,0.06417824891412521
Mean_NN_Distance,-0.14744123551035673,0.009563109365214094
N_Cluster_Score,-0.30903824340945657,1.852848636611324e-11
Polyamine,-0.29433060337640604,1.7463040632047095e-10
