EE,MolWt,LogP,Ether_count,Ether_min_dist,Ether_mean_dist,Ether_burden,Ether_head_count,Ether_linker_count,Ether_tail_count,Ester_count,Ester_min_dist,Ester_mean_dist,Ester_burden,Ester_head_count,Ester_linker_count,Ester_tail_count
99.0,642.1100000000001,13.647199999999977,1.0,6.0,6.0,0.16666666666666666,0.0,1.0,0.0,1.0,4.0,4.0,0.25,1.0,0.0,0.0
96.0,642.1100000000001,13.647199999999977,1.0,6.0,6.0,0.16666666666666666,0.0,1.0,0.0,1.0,4.0,4.0,0.25,1.0,0.0,0.0
98.0,642.1100000000001,13.647199999999977,1.0,6.0,6.0,0.16666666666666666,0.0,1.0,0.0,1.0,4.0,4.0,0.25,1.0,0.0,0.0
95.0,642.1100000000001,13.647199999999977,1.0,6.0,6.0,0.16666666666666666,0.0,1.0,0.0,1.0,4.0,4.0,0.25,1.0,0.0,0.0
88.3,937.621999999999,13.55499999999998,0.0,,,0.0,0.0,0.0,0.0,0.0,,,0.0,0.0,0.0,0.0
90.1,937.621999999999,13.55499999999998,0.0,,,0.0,0.0,0.0,0.0,0.0,,,0.0,0.0,0.0,0.0
80.1,937.621999999999,13.55499999999998,0.0,,,0.0,0.0,0.0,0.0,0.0,,,0.0,0.0,0.0,0.0
69.0,642.1100000000001,13.647199999999977,1.0,6.0,6.0,0.16666666666666666,0.0,1.0,0.0,1.0,4.0,4.0,0.25,1.0,0.0,0.0
69.0,663.1049999999999,12.222599999999986,2.0,2.0,3.5,0.7,1.0,1.0,0.0,2.0,4.0,4.5,0.45,1.0,1.0,0.0
24.0,1292.244999999999,19.154299999999992,0.0,,,0.0,0.0,0.0,0.0,0.0,,,0.0,0.0,0.0,0.0
5.0,1292.244999999999,19.154299999999992,0.0,,,0.0,0.0,0.0,0.0,0.0,,,0.0,0.0,0.0,0.0
56.0,1292.244999999999,19.154299999999992,0.0,,,0.0,0.0,0.0,0.0,0.0,,,0.0,0.0,0.0,0.0
4.0,1292.244999999999,19.154299999999992,0.0,,,0.0,0.0,0.0,0.0,0.0,,,0.0,0.0,0.0,0.0
1.0,1292.244999999999,19.154299999999992,0.0,,,0.0,0.0,0.0,0.0,0.0,,,0.0,0.0,0.0,0.0
2.0,1292.244999999999,19.154299999999992,0.0,,,0.0,0.0,0.0,0.0,0.0,,,0.0,0.0,0.0,0.0
18.0,1292.244999999999,19.154299999999992,0.0,,,0.0,0.0,0.0,0.0,0.0,,,0.0,0.0,0.0,0.0
2.0,1292.244999999999,19.154299999999992,0.0,,,0.0,0.0,0.0,0.0,0.0,,,0.0,0.0,0.0,0.0
46.0,1292.244999999999,19.154299999999992,0.0,,,0.0,0.0,0.0,0.0,0.0,,,0.0,0.0,0.0,0.0
43.0,1292.244999999999,19.154299999999992,0.0,,,0.0,0.0,0.0,0.0,0.0,,,0.0,0.0,0.0,0.0
2.0,1292.244999999999,19.154299999999992,0.0,,,0.0,0.0,0.0,0.0,0.0,,,0.0,0.0,0.0,0.0
10.0,1292.244999999999,19.154299999999992,0.0,,,0.0,0.0,0.0,0.0,0.0,,,0.0,0.0,0.0,0.0
59.0,1292.244999999999,19.154299999999992,0.0,,,0.0,0.0,0.0,0.0,0.0,,,0.0,0.0,0.0,0.0
30.0,1292.244999999999,19.154299999999992,0.0,,,0.0,0.0,0.0,0.0,0.0,,,0.0,0.0,0.0,0.0
42.0,1292.244999999999,19.154299999999992,0.0,,,0.0,0.0,0.0,0.0,0.0,,,0.0,0.0,0.0,0.0
55.0,1292.244999999999,19.154299999999992,0.0,,,0.0,0.0,0.0,0.0,0.0,,,0.0,0.0,0.0,0.0
46.0,1292.244999999999,19.154299999999992,0.0,,,0.0,0.0,0.0,0.0,0.0,,,0.0,0.0,0.0,0.0
24.0,1292.244999999999,19.154299999999992,0.0,,,0.0,0.0,0.0,0.0,0.0,,,0.0,0.0,0.0,0.0
40.0,1292.244999999999,19.154299999999992,0.0,,,0.0,0.0,0.0,0.0,0.0,,,0.0,0.0,0.0,0.0
42.0,1292.244999999999,19.154299999999992,0.0,,,0.0,0.0,0.0,0.0,0.0,,,0.0,0.0,0.0,0.0
32.0,1292.244999999999,19.154299999999992,0.0,,,0.0,0.0,0.0,0.0,0.0,,,0.0,0.0,0.0,0.0
39.0,1292.244999999999,19.154299999999992,0.0,,,0.0,0.0,0.0,0.0,0.0,,,0.0,0.0,0.0,0.0
58.0,1292.244999999999,19.154299999999992,0.0,,,0.0,0.0,0.0,0.0,0.0,,,0.0,0.0,0.0,0.0
44.0,1292.244999999999,19.154299999999992,0.0,,,0.0,0.0,0.0,0.0,0.0,,,0.0,0.0,0.0,0.0
57.0,1292.244999999999,19.154299999999992,0.0,,,0.0,0.0,0.0,0.0,0.0,,,0.0,0.0,0.0,0.0
35.0,1292.244999999999,19.154299999999992,0.0,,,0.0,0.0,0.0,0.0,0.0,,,0.0,0.0,0.0,0.0
38.0,1292.244999999999,19.154299999999992,0.0,,,0.0,0.0,0.0,0.0,0.0,,,0.0,0.0,0.0,0.0
60.0,1292.244999999999,19.154299999999992,0.0,,,0.0,0.0,0.0,0.0,0.0,,,0.0,0.0,0.0,0.0
45.0,1292.244999999999,19.154299999999992,0.0,,,0.0,0.0,0.0,0.0,0.0,,,0.0,0.0,0.0,0.0
39.0,1292.244999999999,19.154299999999992,0.0,,,0.0,0.0,0.0,0.0,0.0,,,0.0,0.0,0.0,0.0
33.0,1292.244999999999,19.154299999999992,0.0,,,0.0,0.0,0.0,0.0,0.0,,,0.0,0.0,0.0,0.0
40.0,1292.244999999999,19.154299999999992,0.0,,,0.0,0.0,0.0,0.0,0.0,,,0.0,0.0,0.0,0.0
43.0,1292.244999999999,19.154299999999992,0.0,,,0.0,0.0,0.0,0.0,0.0,,,0.0,0.0,0.0,0.0
48.0,1292.244999999999,19.154299999999992,0.0,,,0.0,0.0,0.0,0.0,0.0,,,0.0,0.0,0.0,0.0
53.0,1292.244999999999,19.154299999999992,0.0,,,0.0,0.0,0.0,0.0,0.0,,,0.0,0.0,0.0,0.0
52.0,1292.244999999999,19.154299999999992,0.0,,,0.0,0.0,0.0,0.0,0.0,,,0.0,0.0,0.0,0.0
27.0,1292.244999999999,19.154299999999992,0.0,,,0.0,0.0,0.0,0.0,0.0,,,0.0,0.0,0.0,0.0
48.0,1292.244999999999,19.154299999999992,0.0,,,0.0,0.0,0.0,0.0,0.0,,,0.0,0.0,0.0,0.0
59.0,1292.244999999999,19.154299999999992,0.0,,,0.0,0.0,0.0,0.0,0.0,,,0.0,0.0,0.0,0.0
58.0,1292.244999999999,19.154299999999992,0.0,,,0.0,0.0,0.0,0.0,0.0,,,0.0,0.0,0.0,0.0
96.9,557.9920000000002,11.907699999999986,0.0,,,0.0,0.0,0.0,0.0,0.0,,,0.0,0.0,0.0,0.0
91.8,597.9660000000001,9.549500000000004,2.0,8.0,9.0,0.225,0.0,1.0,1.0,2.0,8.0,8.0,0.25,0.0,2.0,0.0
90.9,577.9790000000003,10.728599999999993,1.0,8.0,8.0,0.125,0.0,1.0,0.0,1.0,8.0,8.0,0.125,0.0,1.0,0.0
97.6,690.1949999999997,13.847799999999973,1.0,8.0,8.0,0.125,0.0,1.0,0.0,1.0,8.0,8.0,0.125,0.0,1.0,0.0
97.5,710.1819999999997,12.668699999999985,2.0,8.0,9.0,0.225,0.0,1.0,1.0,2.0,8.0,8.0,0.25,0.0,2.0,0.0
97.0,822.3979999999995,15.787899999999961,2.0,8.0,9.0,0.225,0.0,1.0,1.0,2.0,8.0,8.0,0.25,0.0,2.0,0.0
95.2,737.2519999999996,13.23799999999998,2.0,8.0,9.0,0.225,0.0,1.0,1.0,2.0,8.0,8.0,0.25,0.0,2.0,0.0
95.8,710.1819999999997,12.668699999999985,2.0,8.0,8.0,0.25,0.0,2.0,0.0,2.0,6.0,7.0,0.29166666666666663,0.0,2.0,0.0
97.4,654.074,11.108299999999995,2.0,6.0,7.0,0.29166666666666663,0.0,2.0,0.0,2.0,4.0,6.0,0.375,1.0,1.0,0.0
98.3,738.2359999999995,13.448899999999979,2.0,6.0,7.0,0.29166666666666663,0.0,2.0,0.0,2.0,6.0,6.0,0.3333333333333333,0.0,2.0,0.0
97.3,642.1100000000001,13.647199999999977,1.0,6.0,6.0,0.16666666666666666,0.0,1.0,0.0,1.0,4.0,4.0,0.25,1.0,0.0,0.0
90.0,1019.8169999999985,17.339499999999976,2.0,3.0,4.0,0.5333333333333333,1.0,1.0,0.0,2.0,3.0,3.0,0.6666666666666666,2.0,0.0,0.0
88.0,1047.8709999999985,18.119699999999984,2.0,3.0,4.0,0.5333333333333333,1.0,1.0,0.0,2.0,3.0,3.0,0.6666666666666666,2.0,0.0,0.0
87.0,1005.7899999999986,16.949399999999972,2.0,3.0,4.0,0.5333333333333333,1.0,1.0,0.0,2.0,3.0,3.0,0.6666666666666666,2.0,0.0,0.0
89.0,1061.8979999999988,18.506599999999985,2.0,3.0,4.0,0.5333333333333333,1.0,1.0,0.0,2.0,3.0,3.0,0.6666666666666666,2.0,0.0,0.0
88.0,1047.8709999999985,17.975599999999982,2.0,3.0,4.0,0.5333333333333333,1.0,1.0,0.0,2.0,3.0,3.0,0.6666666666666666,2.0,0.0,0.0
87.0,1103.9789999999991,19.680099999999996,2.0,3.0,4.0,0.5333333333333333,1.0,1.0,0.0,2.0,3.0,3.0,0.6666666666666666,2.0,0.0,0.0
86.0,1045.8549999999984,17.873699999999978,2.0,3.0,4.0,0.5333333333333333,1.0,1.0,0.0,2.0,3.0,3.0,0.6666666666666666,2.0,0.0,0.0
85.0,1047.8269999999984,16.71999999999997,3.0,2.0,3.3333333333333335,1.0333333333333332,2.0,1.0,0.0,2.0,3.0,3.0,0.6666666666666666,2.0,0.0,0.0
84.0,1031.8279999999984,17.483599999999978,2.0,3.0,4.0,0.5333333333333333,1.0,1.0,0.0,2.0,3.0,3.0,0.6666666666666666,2.0,0.0,0.0
86.0,1003.7739999999986,16.70179999999997,2.0,3.0,4.0,0.5333333333333333,1.0,1.0,0.0,2.0,3.0,3.0,0.6666666666666666,2.0,0.0,0.0
87.0,1017.8009999999986,17.09189999999997,2.0,3.0,4.0,0.5333333333333333,1.0,1.0,0.0,2.0,3.0,3.0,0.6666666666666666,2.0,0.0,0.0
88.0,1045.8549999999987,17.87369999999998,2.0,3.0,4.0,0.5333333333333333,1.0,1.0,0.0,2.0,3.0,3.0,0.6666666666666666,2.0,0.0,0.0
85.0,1039.8069999999987,18.02549999999998,2.0,3.0,4.0,0.5333333333333333,1.0,1.0,0.0,2.0,3.0,3.0,0.6666666666666666,2.0,0.0,0.0
89.0,1045.8549999999984,17.72959999999998,2.0,3.0,4.0,0.5333333333333333,1.0,1.0,0.0,2.0,3.0,3.0,0.6666666666666666,2.0,0.0,0.0
90.0,1045.8549999999984,17.72959999999998,2.0,3.0,4.0,0.5333333333333333,1.0,1.0,0.0,2.0,3.0,3.0,0.6666666666666666,2.0,0.0,0.0
88.0,1045.8549999999984,17.87209999999998,2.0,3.0,4.0,0.5333333333333333,1.0,1.0,0.0,2.0,3.0,3.0,0.6666666666666666,2.0,0.0,0.0
87.0,1045.8549999999984,17.87209999999998,2.0,3.0,4.0,0.5333333333333333,1.0,1.0,0.0,2.0,3.0,3.0,0.6666666666666666,2.0,0.0,0.0
18.0,1030.8399999999983,18.968099999999986,2.0,3.0,4.0,0.5333333333333333,1.0,1.0,0.0,2.0,3.0,3.0,0.6666666666666666,2.0,0.0,0.0
89.0,1073.9089999999987,18.652299999999986,2.0,3.0,4.0,0.5333333333333333,1.0,1.0,0.0,2.0,3.0,3.0,0.6666666666666666,2.0,0.0,0.0
91.0,1042.8109999999986,17.674599999999977,2.0,3.0,4.0,0.5333333333333333,1.0,1.0,0.0,2.0,3.0,3.0,0.6666666666666666,2.0,0.0,0.0
88.0,1088.9239999999988,17.415399999999977,2.0,3.0,4.0,0.5333333333333333,1.0,1.0,0.0,2.0,3.0,3.0,0.6666666666666666,2.0,0.0,0.0
87.0,1074.8969999999988,17.025299999999973,2.0,3.0,4.0,0.5333333333333333,1.0,1.0,0.0,2.0,3.0,3.0,0.6666666666666666,2.0,0.0,0.0
86.0,1060.8699999999985,16.63519999999997,2.0,3.0,4.0,0.5333333333333333,1.0,1.0,0.0,2.0,3.0,3.0,0.6666666666666666,2.0,0.0,0.0
20.0,1074.8969999999986,17.025299999999973,2.0,3.0,4.0,0.5333333333333333,1.0,1.0,0.0,2.0,3.0,3.0,0.6666666666666666,2.0,0.0,0.0
89.0,1060.8699999999985,16.63359999999997,2.0,3.0,4.0,0.5333333333333333,1.0,1.0,0.0,2.0,3.0,3.0,0.6666666666666666,2.0,0.0,0.0
90.0,990.7749999999985,18.18789999999998,2.0,3.0,4.0,0.5333333333333333,1.0,1.0,0.0,2.0,3.0,3.0,0.6666666666666666,2.0,0.0,0.0
88.0,1031.8279999999984,17.481999999999978,2.0,3.0,4.0,0.5333333333333333,1.0,1.0,0.0,2.0,3.0,3.0,0.6666666666666666,2.0,0.0,0.0
87.0,1095.892999999999,16.118199999999966,2.0,3.0,4.0,0.5333333333333333,1.0,1.0,0.0,2.0,3.0,3.0,0.6666666666666666,2.0,0.0,0.0
89.0,1107.925999999999,19.052399999999988,2.0,3.0,4.0,0.5333333333333333,1.0,1.0,0.0,2.0,3.0,3.0,0.6666666666666666,2.0,0.0,0.0
88.0,1093.898999999999,18.662299999999984,2.0,3.0,4.0,0.5333333333333333,1.0,1.0,0.0,2.0,3.0,3.0,0.6666666666666666,2.0,0.0,0.0
87.0,1019.8169999999986,17.337899999999973,2.0,3.0,4.0,0.5333333333333333,1.0,1.0,0.0,2.0,3.0,3.0,0.6666666666666666,2.0,0.0,0.0
90.0,1005.7899999999985,16.949399999999972,2.0,3.0,4.0,0.5333333333333333,1.0,1.0,0.0,2.0,3.0,3.0,0.6666666666666666,2.0,0.0,0.0
91.0,1961.069,29.113900000000086,6.0,4.0,5.0,1.2916666666666667,4.0,2.0,0.0,6.0,6.0,6.333333333333333,0.9583333333333333,0.0,6.0,0.0
67.0,624.136,13.472799999999976,2.0,2.0,3.5,0.7,1.0,1.0,0.0,0.0,,,0.0,0.0,0.0,0.0
84.0,620.1039999999999,13.02479999999998,2.0,2.0,3.5,0.7,1.0,1.0,0.0,0.0,,,0.0,0.0,0.0,0.0
84.0,616.0720000000001,12.57679999999998,2.0,2.0,3.5,0.7,1.0,1.0,0.0,0.0,,,0.0,0.0,0.0,0.0
85.0,612.0400000000002,12.128799999999984,2.0,2.0,3.5,0.7,1.0,1.0,0.0,0.0,,,0.0,0.0,0.0,0.0
97.58,642.1100000000002,13.456999999999976,2.0,5.0,5.0,0.4,0.0,2.0,0.0,0.0,,,0.0,0.0,0.0,0.0
96.59,642.1100000000002,13.456999999999976,2.0,5.0,5.0,0.4,0.0,2.0,0.0,0.0,,,0.0,0.0,0.0,0.0
94.89,642.1100000000002,13.456999999999976,2.0,5.0,5.0,0.4,0.0,2.0,0.0,0.0,,,0.0,0.0,0.0,0.0
96.0,642.1100000000001,13.647199999999977,1.0,6.0,6.0,0.16666666666666666,0.0,1.0,0.0,1.0,4.0,4.0,0.25,1.0,0.0,0.0
81.0,642.1100000000001,13.647199999999977,1.0,6.0,6.0,0.16666666666666666,0.0,1.0,0.0,1.0,4.0,4.0,0.25,1.0,0.0,0.0
82.0,642.1100000000001,13.647199999999977,1.0,6.0,6.0,0.16666666666666666,0.0,1.0,0.0,1.0,4.0,4.0,0.25,1.0,0.0,0.0
60.0,1482.3099999999995,23.341000000000026,4.0,2.0,2.5,1.75,4.0,0.0,0.0,4.0,4.0,4.0,1.0,4.0,0.0,0.0
60.0,1482.3099999999995,23.341000000000026,4.0,2.0,2.5,1.75,4.0,0.0,0.0,4.0,4.0,4.0,1.0,4.0,0.0,0.0
52.8,422.5660000000003,4.599100000000004,2.0,4.0,5.0,0.41666666666666663,1.0,1.0,0.0,2.0,6.0,6.0,0.3333333333333333,0.0,2.0,0.0
69.7,478.6740000000004,5.464300000000006,2.0,4.0,5.0,0.41666666666666663,1.0,1.0,0.0,2.0,6.0,6.0,0.3333333333333333,0.0,2.0,0.0
57.4,490.6850000000004,5.558900000000007,2.0,4.0,5.0,0.41666666666666663,1.0,1.0,0.0,2.0,6.0,6.0,0.3333333333333333,0.0,2.0,0.0
63.0,519.7270000000005,4.712100000000004,2.0,4.0,5.0,0.41666666666666663,1.0,1.0,0.0,2.0,6.0,6.0,0.3333333333333333,0.0,2.0,0.0
51.5,507.71600000000046,4.745300000000005,2.0,4.0,5.0,0.41666666666666663,1.0,1.0,0.0,2.0,6.0,6.0,0.3333333333333333,0.0,2.0,0.0
76.9,507.71600000000046,4.745300000000005,2.0,4.0,5.0,0.41666666666666663,1.0,1.0,0.0,2.0,6.0,6.0,0.3333333333333333,0.0,2.0,0.0
73.4,450.62000000000035,5.379300000000005,2.0,4.0,5.0,0.41666666666666663,1.0,1.0,0.0,2.0,6.0,6.0,0.3333333333333333,0.0,2.0,0.0
77.6,506.72800000000046,6.244500000000007,2.0,4.0,5.0,0.41666666666666663,1.0,1.0,0.0,2.0,6.0,6.0,0.3333333333333333,0.0,2.0,0.0
71.6,518.7390000000005,6.339100000000008,2.0,4.0,5.0,0.41666666666666663,1.0,1.0,0.0,2.0,6.0,6.0,0.3333333333333333,0.0,2.0,0.0
78.3,547.7810000000005,5.4923000000000055,2.0,4.0,5.0,0.41666666666666663,1.0,1.0,0.0,2.0,6.0,6.0,0.3333333333333333,0.0,2.0,0.0
73.0,535.7700000000006,5.5255000000000045,2.0,4.0,5.0,0.41666666666666663,1.0,1.0,0.0,2.0,6.0,6.0,0.3333333333333333,0.0,2.0,0.0
74.5,535.7700000000006,5.5255000000000045,2.0,4.0,5.0,0.41666666666666663,1.0,1.0,0.0,2.0,6.0,6.0,0.3333333333333333,0.0,2.0,0.0
54.4,450.62000000000035,5.379300000000005,2.0,4.0,5.0,0.41666666666666663,1.0,1.0,0.0,2.0,6.0,6.0,0.3333333333333333,0.0,2.0,0.0
59.8,506.72800000000046,6.244500000000007,2.0,4.0,5.0,0.41666666666666663,1.0,1.0,0.0,2.0,6.0,6.0,0.3333333333333333,0.0,2.0,0.0
51.3,518.7390000000005,6.339100000000008,2.0,4.0,5.0,0.41666666666666663,1.0,1.0,0.0,2.0,6.0,6.0,0.3333333333333333,0.0,2.0,0.0
75.1,547.7810000000005,5.4923000000000055,2.0,4.0,5.0,0.41666666666666663,1.0,1.0,0.0,2.0,6.0,6.0,0.3333333333333333,0.0,2.0,0.0
54.8,535.7700000000006,5.5255000000000045,2.0,4.0,5.0,0.41666666666666663,1.0,1.0,0.0,2.0,6.0,6.0,0.3333333333333333,0.0,2.0,0.0
85.6,535.7700000000006,5.5255000000000045,2.0,4.0,5.0,0.41666666666666663,1.0,1.0,0.0,2.0,6.0,6.0,0.3333333333333333,0.0,2.0,0.0
84.3,478.67400000000043,6.159500000000007,2.0,4.0,5.0,0.41666666666666663,1.0,1.0,0.0,2.0,6.0,6.0,0.3333333333333333,0.0,2.0,0.0
75.1,534.7820000000006,7.024700000000008,2.0,4.0,5.0,0.41666666666666663,1.0,1.0,0.0,2.0,6.0,6.0,0.3333333333333333,0.0,2.0,0.0
85.7,546.7930000000006,7.119300000000009,2.0,4.0,5.0,0.41666666666666663,1.0,1.0,0.0,2.0,6.0,6.0,0.3333333333333333,0.0,2.0,0.0
77.3,575.8350000000004,6.272500000000006,2.0,4.0,5.0,0.41666666666666663,1.0,1.0,0.0,2.0,6.0,6.0,0.3333333333333333,0.0,2.0,0.0
71.9,563.8240000000005,6.305700000000006,2.0,4.0,5.0,0.41666666666666663,1.0,1.0,0.0,2.0,6.0,6.0,0.3333333333333333,0.0,2.0,0.0
87.1,563.8240000000005,6.305700000000006,2.0,4.0,5.0,0.41666666666666663,1.0,1.0,0.0,2.0,6.0,6.0,0.3333333333333333,0.0,2.0,0.0
48.1,506.72800000000046,6.939700000000008,2.0,4.0,5.0,0.41666666666666663,1.0,1.0,0.0,2.0,6.0,6.0,0.3333333333333333,0.0,2.0,0.0
66.2,562.8360000000005,7.804900000000009,2.0,4.0,5.0,0.41666666666666663,1.0,1.0,0.0,2.0,6.0,6.0,0.3333333333333333,0.0,2.0,0.0
54.9,574.8470000000004,7.899500000000009,2.0,4.0,5.0,0.41666666666666663,1.0,1.0,0.0,2.0,6.0,6.0,0.3333333333333333,0.0,2.0,0.0
50.9,603.8890000000002,7.052700000000009,2.0,4.0,5.0,0.41666666666666663,1.0,1.0,0.0,2.0,6.0,6.0,0.3333333333333333,0.0,2.0,0.0
48.7,591.8780000000004,7.085900000000008,2.0,4.0,5.0,0.41666666666666663,1.0,1.0,0.0,2.0,6.0,6.0,0.3333333333333333,0.0,2.0,0.0
69.4,591.8780000000004,7.085900000000008,2.0,4.0,5.0,0.41666666666666663,1.0,1.0,0.0,2.0,6.0,6.0,0.3333333333333333,0.0,2.0,0.0
54.9,534.7820000000005,7.719900000000009,2.0,4.0,5.0,0.41666666666666663,1.0,1.0,0.0,2.0,6.0,6.0,0.3333333333333333,0.0,2.0,0.0
73.2,590.8900000000003,8.585100000000004,2.0,4.0,5.0,0.41666666666666663,1.0,1.0,0.0,2.0,6.0,6.0,0.3333333333333333,0.0,2.0,0.0
53.1,602.9010000000002,8.679700000000004,2.0,4.0,5.0,0.41666666666666663,1.0,1.0,0.0,2.0,6.0,6.0,0.3333333333333333,0.0,2.0,0.0
64.1,631.9430000000001,7.832900000000009,2.0,4.0,5.0,0.41666666666666663,1.0,1.0,0.0,2.0,6.0,6.0,0.3333333333333333,0.0,2.0,0.0
57.3,619.9320000000001,7.8661000000000065,2.0,4.0,5.0,0.41666666666666663,1.0,1.0,0.0,2.0,6.0,6.0,0.3333333333333333,0.0,2.0,0.0
58.4,619.9320000000001,7.8661000000000065,2.0,4.0,5.0,0.41666666666666663,1.0,1.0,0.0,2.0,6.0,6.0,0.3333333333333333,0.0,2.0,0.0
39.2,548.7650000000003,7.015300000000008,3.0,4.0,5.0,0.6166666666666667,1.0,2.0,0.0,3.0,6.0,6.333333333333333,0.47619047619047616,0.0,3.0,0.0
42.5,604.8730000000002,7.880500000000009,3.0,4.0,5.0,0.6166666666666667,1.0,2.0,0.0,3.0,6.0,6.333333333333333,0.47619047619047616,0.0,3.0,0.0
48.8,616.8840000000001,7.97510000000001,3.0,4.0,5.0,0.6166666666666667,1.0,2.0,0.0,3.0,6.0,6.333333333333333,0.47619047619047616,0.0,3.0,0.0
49.6,645.9260000000002,7.128300000000007,3.0,4.0,5.0,0.6166666666666667,1.0,2.0,0.0,3.0,6.0,6.333333333333333,0.47619047619047616,0.0,3.0,0.0
46.8,633.9150000000002,7.161500000000007,3.0,4.0,5.0,0.6166666666666667,1.0,2.0,0.0,3.0,6.0,6.333333333333333,0.47619047619047616,0.0,3.0,0.0
37.0,633.9150000000002,7.161500000000007,3.0,4.0,5.0,0.6166666666666667,1.0,2.0,0.0,3.0,6.0,6.333333333333333,0.47619047619047616,0.0,3.0,0.0
53.4,590.8460000000001,8.185600000000008,3.0,4.0,5.0,0.6166666666666667,1.0,2.0,0.0,3.0,6.0,6.333333333333333,0.47619047619047616,0.0,3.0,0.0
77.9,646.9540000000001,9.050800000000004,3.0,4.0,5.0,0.6166666666666667,1.0,2.0,0.0,3.0,6.0,6.333333333333333,0.47619047619047616,0.0,3.0,0.0
60.2,658.965,9.145400000000004,3.0,4.0,5.0,0.6166666666666667,1.0,2.0,0.0,3.0,6.0,6.333333333333333,0.47619047619047616,0.0,3.0,0.0
66.7,688.0070000000001,8.298600000000008,3.0,4.0,5.0,0.6166666666666667,1.0,2.0,0.0,3.0,6.0,6.333333333333333,0.47619047619047616,0.0,3.0,0.0
45.5,675.9960000000001,8.331800000000007,3.0,4.0,5.0,0.6166666666666667,1.0,2.0,0.0,3.0,6.0,6.333333333333333,0.47619047619047616,0.0,3.0,0.0
63.3,675.9960000000001,8.331800000000007,3.0,4.0,5.0,0.6166666666666667,1.0,2.0,0.0,3.0,6.0,6.333333333333333,0.47619047619047616,0.0,3.0,0.0
78.5,590.8460000000001,8.185600000000008,3.0,4.0,5.0,0.6166666666666667,1.0,2.0,0.0,3.0,6.0,6.333333333333333,0.47619047619047616,0.0,3.0,0.0
78.8,646.9540000000001,9.050800000000004,3.0,4.0,5.0,0.6166666666666667,1.0,2.0,0.0,3.0,6.0,6.333333333333333,0.47619047619047616,0.0,3.0,0.0
79.3,658.965,9.145400000000004,3.0,4.0,5.0,0.6166666666666667,1.0,2.0,0.0,3.0,6.0,6.333333333333333,0.47619047619047616,0.0,3.0,0.0
77.9,688.0070000000001,8.298600000000008,3.0,4.0,5.0,0.6166666666666667,1.0,2.0,0.0,3.0,6.0,6.333333333333333,0.47619047619047616,0.0,3.0,0.0
79.0,675.9960000000001,8.331800000000007,3.0,4.0,5.0,0.6166666666666667,1.0,2.0,0.0,3.0,6.0,6.333333333333333,0.47619047619047616,0.0,3.0,0.0
79.4,675.9960000000001,8.331800000000007,3.0,4.0,5.0,0.6166666666666667,1.0,2.0,0.0,3.0,6.0,6.333333333333333,0.47619047619047616,0.0,3.0,0.0
57.8,632.927,9.355900000000002,3.0,4.0,5.0,0.6166666666666667,1.0,2.0,0.0,3.0,6.0,6.333333333333333,0.47619047619047616,0.0,3.0,0.0
63.9,689.0350000000001,10.221099999999996,3.0,4.0,5.0,0.6166666666666667,1.0,2.0,0.0,3.0,6.0,6.333333333333333,0.47619047619047616,0.0,3.0,0.0
41.8,701.046,10.315699999999998,3.0,4.0,5.0,0.6166666666666667,1.0,2.0,0.0,3.0,6.0,6.333333333333333,0.47619047619047616,0.0,3.0,0.0
40.6,730.0879999999999,9.468900000000001,3.0,4.0,5.0,0.6166666666666667,1.0,2.0,0.0,3.0,6.0,6.333333333333333,0.47619047619047616,0.0,3.0,0.0
57.6,718.077,9.5021,3.0,4.0,5.0,0.6166666666666667,1.0,2.0,0.0,3.0,6.0,6.333333333333333,0.47619047619047616,0.0,3.0,0.0
59.2,718.077,9.5021,3.0,4.0,5.0,0.6166666666666667,1.0,2.0,0.0,3.0,6.0,6.333333333333333,0.47619047619047616,0.0,3.0,0.0
46.9,717.0889999999998,11.696499999999988,3.0,4.0,5.0,0.6166666666666667,1.0,2.0,0.0,3.0,6.0,6.333333333333333,0.47619047619047616,0.0,3.0,0.0
65.6,773.1969999999997,12.561699999999982,3.0,4.0,5.0,0.6166666666666667,1.0,2.0,0.0,3.0,6.0,6.333333333333333,0.47619047619047616,0.0,3.0,0.0
54.3,785.2079999999995,12.656299999999984,3.0,4.0,5.0,0.6166666666666667,1.0,2.0,0.0,3.0,6.0,6.333333333333333,0.47619047619047616,0.0,3.0,0.0
48.0,814.2499999999994,11.80949999999999,3.0,4.0,5.0,0.6166666666666667,1.0,2.0,0.0,3.0,6.0,6.333333333333333,0.47619047619047616,0.0,3.0,0.0
47.1,802.2389999999995,11.842699999999986,3.0,4.0,5.0,0.6166666666666667,1.0,2.0,0.0,3.0,6.0,6.333333333333333,0.47619047619047616,0.0,3.0,0.0
37.2,802.2389999999995,11.842699999999986,3.0,4.0,5.0,0.6166666666666667,1.0,2.0,0.0,3.0,6.0,6.333333333333333,0.47619047619047616,0.0,3.0,0.0
77.8,450.62000000000046,5.667500000000006,2.0,4.0,5.0,0.41666666666666663,1.0,1.0,0.0,2.0,6.0,6.0,0.3333333333333333,0.0,2.0,0.0
84.0,506.7280000000005,6.532700000000007,2.0,4.0,5.0,0.41666666666666663,1.0,1.0,0.0,2.0,6.0,6.0,0.3333333333333333,0.0,2.0,0.0
74.6,518.7390000000006,6.627300000000008,2.0,4.0,5.0,0.41666666666666663,1.0,1.0,0.0,2.0,6.0,6.0,0.3333333333333333,0.0,2.0,0.0
82.2,547.7810000000006,5.780500000000005,2.0,4.0,5.0,0.41666666666666663,1.0,1.0,0.0,2.0,6.0,6.0,0.3333333333333333,0.0,2.0,0.0
81.0,535.7700000000007,5.813700000000005,2.0,4.0,5.0,0.41666666666666663,1.0,1.0,0.0,2.0,6.0,6.0,0.3333333333333333,0.0,2.0,0.0
79.8,535.7700000000007,5.813700000000005,2.0,4.0,5.0,0.41666666666666663,1.0,1.0,0.0,2.0,6.0,6.0,0.3333333333333333,0.0,2.0,0.0
85.2,394.5120000000003,4.1071000000000035,2.0,4.0,5.0,0.41666666666666663,1.0,1.0,0.0,2.0,6.0,6.0,0.3333333333333333,0.0,2.0,0.0
81.2,478.6740000000004,5.287000000000006,2.0,4.0,5.0,0.41666666666666663,1.0,1.0,0.0,2.0,6.0,6.0,0.3333333333333333,0.0,2.0,0.0
85.1,576.8630000000003,8.19340000000001,2.0,4.0,4.0,0.5,2.0,0.0,0.0,2.0,6.0,6.0,0.3333333333333333,0.0,2.0,0.0
85.3,520.7550000000007,7.44070000000001,2.0,4.0,5.0,0.41666666666666663,1.0,1.0,0.0,2.0,6.0,6.0,0.3333333333333333,0.0,2.0,0.0
80.6,603.9290000000001,10.282399999999994,2.0,4.0,4.0,0.5,2.0,0.0,0.0,2.0,6.0,6.0,0.3333333333333333,0.0,2.0,0.0
80.6,603.9290000000001,10.282399999999994,2.0,4.0,4.0,0.5,2.0,0.0,0.0,2.0,6.0,6.0,0.3333333333333333,0.0,2.0,0.0
83.1,534.7820000000005,6.847400000000009,2.0,4.0,5.0,0.41666666666666663,1.0,1.0,0.0,2.0,6.0,6.0,0.3333333333333333,0.0,2.0,0.0
82.4,548.8090000000005,7.932700000000009,2.0,4.0,5.0,0.41666666666666663,1.0,1.0,0.0,2.0,6.0,6.0,0.3333333333333333,0.0,2.0,0.0
78.5,590.8900000000003,9.103000000000003,2.0,4.0,5.0,0.41666666666666663,1.0,1.0,0.0,2.0,6.0,6.0,0.3333333333333333,0.0,2.0,0.0
79.7,631.9830000000001,11.062599999999989,2.0,4.0,4.0,0.5,2.0,0.0,0.0,2.0,6.0,6.0,0.3333333333333333,0.0,2.0,0.0
82.4,632.9710000000001,9.7538,2.0,4.0,4.0,0.5,2.0,0.0,0.0,2.0,6.0,6.0,0.3333333333333333,0.0,2.0,0.0
83.4,618.9440000000003,9.365300000000001,2.0,4.0,5.0,0.41666666666666663,1.0,1.0,0.0,2.0,6.0,6.0,0.3333333333333333,0.0,2.0,0.0
84.2,618.9000000000002,8.788500000000006,3.0,4.0,4.333333333333333,0.7,2.0,1.0,0.0,3.0,6.0,6.333333333333333,0.47619047619047616,0.0,3.0,0.0
81.8,689.0350000000001,10.221099999999996,3.0,4.0,5.0,0.6166666666666667,1.0,2.0,0.0,3.0,6.0,6.333333333333333,0.47619047619047616,0.0,3.0,0.0
86.8,703.0620000000001,11.129099999999992,3.0,4.0,4.333333333333333,0.7,2.0,1.0,0.0,3.0,6.0,6.333333333333333,0.47619047619047616,0.0,3.0,0.0
82.4,745.1429999999998,11.779899999999989,3.0,4.0,4.333333333333333,0.7,2.0,1.0,0.0,3.0,6.0,6.333333333333333,0.47619047619047616,0.0,3.0,0.0
83.2,660.9810000000001,9.9588,3.0,4.0,5.0,0.6166666666666667,1.0,2.0,0.0,3.0,6.0,6.333333333333333,0.47619047619047616,0.0,3.0,0.0
75.9,744.1549999999999,13.088699999999978,3.0,4.0,4.333333333333333,0.7,2.0,1.0,0.0,3.0,6.0,6.333333333333333,0.47619047619047616,0.0,3.0,0.0
85.5,689.035,10.0438,3.0,4.0,5.0,0.6166666666666667,1.0,2.0,0.0,3.0,6.0,6.333333333333333,0.47619047619047616,0.0,3.0,0.0
73.8,745.1429999999998,12.299399999999986,3.0,4.0,5.0,0.6166666666666667,1.0,2.0,0.0,3.0,6.0,6.333333333333333,0.47619047619047616,0.0,3.0,0.0
75.1,773.1969999999995,12.384399999999985,3.0,4.0,5.0,0.6166666666666667,1.0,2.0,0.0,3.0,6.0,6.333333333333333,0.47619047619047616,0.0,3.0,0.0
80.4,829.3049999999994,14.63999999999997,3.0,4.0,5.0,0.6166666666666667,1.0,2.0,0.0,3.0,6.0,6.333333333333333,0.47619047619047616,0.0,3.0,0.0
84.9,857.3589999999994,14.90229999999997,3.0,4.0,5.0,0.6166666666666667,1.0,2.0,0.0,3.0,6.0,6.333333333333333,0.47619047619047616,0.0,3.0,0.0
67.5,1292.244999999999,19.154299999999992,0.0,,,0.0,0.0,0.0,0.0,0.0,,,0.0,0.0,0.0,0.0
33.7,1292.244999999999,19.154299999999992,0.0,,,0.0,0.0,0.0,0.0,0.0,,,0.0,0.0,0.0,0.0
48.9,1292.244999999999,19.154299999999992,0.0,,,0.0,0.0,0.0,0.0,0.0,,,0.0,0.0,0.0,0.0
92.8,1292.244999999999,19.154299999999992,0.0,,,0.0,0.0,0.0,0.0,0.0,,,0.0,0.0,0.0,0.0
95.7,1292.244999999999,19.154299999999992,0.0,,,0.0,0.0,0.0,0.0,0.0,,,0.0,0.0,0.0,0.0
90.7,1292.244999999999,19.154299999999992,0.0,,,0.0,0.0,0.0,0.0,0.0,,,0.0,0.0,0.0,0.0
49.9,1292.244999999999,19.154299999999992,0.0,,,0.0,0.0,0.0,0.0,0.0,,,0.0,0.0,0.0,0.0
91.3,1292.244999999999,19.154299999999992,0.0,,,0.0,0.0,0.0,0.0,0.0,,,0.0,0.0,0.0,0.0
92.7,1292.244999999999,19.154299999999992,0.0,,,0.0,0.0,0.0,0.0,0.0,,,0.0,0.0,0.0,0.0
89.1,1292.244999999999,19.154299999999992,0.0,,,0.0,0.0,0.0,0.0,0.0,,,0.0,0.0,0.0,0.0
89.8,1292.244999999999,19.154299999999992,0.0,,,0.0,0.0,0.0,0.0,0.0,,,0.0,0.0,0.0,0.0
88.4,1292.244999999999,19.154299999999992,0.0,,,0.0,0.0,0.0,0.0,0.0,,,0.0,0.0,0.0,0.0
87.4,1292.244999999999,19.154299999999992,0.0,,,0.0,0.0,0.0,0.0,0.0,,,0.0,0.0,0.0,0.0
76.6,1292.244999999999,19.154299999999992,0.0,,,0.0,0.0,0.0,0.0,0.0,,,0.0,0.0,0.0,0.0
88.7,1292.244999999999,19.154299999999992,0.0,,,0.0,0.0,0.0,0.0,0.0,,,0.0,0.0,0.0,0.0
86.1,1292.244999999999,19.154299999999992,0.0,,,0.0,0.0,0.0,0.0,0.0,,,0.0,0.0,0.0,0.0
82.64,642.1100000000001,13.647199999999977,1.0,6.0,6.0,0.16666666666666666,0.0,1.0,0.0,1.0,4.0,4.0,0.25,1.0,0.0,0.0
94.37,642.1100000000001,13.647199999999977,1.0,6.0,6.0,0.16666666666666666,0.0,1.0,0.0,1.0,4.0,4.0,0.25,1.0,0.0,0.0
99.43,642.1100000000001,13.647199999999977,1.0,6.0,6.0,0.16666666666666666,0.0,1.0,0.0,1.0,4.0,4.0,0.25,1.0,0.0,0.0
65.75,642.1100000000002,13.456999999999976,2.0,5.0,5.0,0.4,0.0,2.0,0.0,0.0,,,0.0,0.0,0.0,0.0
91.95,642.1100000000002,13.456999999999976,2.0,5.0,5.0,0.4,0.0,2.0,0.0,0.0,,,0.0,0.0,0.0,0.0
98.94,642.1100000000002,13.456999999999976,2.0,5.0,5.0,0.4,0.0,2.0,0.0,0.0,,,0.0,0.0,0.0,0.0
92.3,710.1819999999997,12.668699999999985,2.0,8.0,8.0,0.25,0.0,2.0,0.0,2.0,6.0,7.0,0.29166666666666663,0.0,2.0,0.0
92.9,710.1819999999997,12.668699999999985,2.0,8.0,8.0,0.25,0.0,2.0,0.0,2.0,6.0,7.0,0.29166666666666663,0.0,2.0,0.0
91.7,970.5629999999987,15.307499999999969,3.0,9.0,9.666666666666666,0.31313131313131315,0.0,0.0,3.0,3.0,9.0,9.0,0.3333333333333333,0.0,0.0,3.0
91.1,970.5629999999987,15.307499999999969,3.0,9.0,9.666666666666666,0.31313131313131315,0.0,0.0,3.0,3.0,9.0,9.0,0.3333333333333333,0.0,0.0,3.0
89.5,970.5629999999987,15.307499999999969,3.0,9.0,9.666666666666666,0.31313131313131315,0.0,0.0,3.0,3.0,9.0,9.0,0.3333333333333333,0.0,0.0,3.0
72.5,970.5629999999987,15.307499999999969,3.0,9.0,9.666666666666666,0.31313131313131315,0.0,0.0,3.0,3.0,9.0,9.0,0.3333333333333333,0.0,0.0,3.0
94.0,710.1819999999997,12.668699999999985,2.0,8.0,9.0,0.225,0.0,1.0,1.0,2.0,8.0,8.0,0.25,0.0,2.0,0.0
75.2,724.2089999999996,13.058799999999982,2.0,8.0,9.0,0.225,0.0,1.0,1.0,2.0,8.0,8.0,0.25,0.0,2.0,0.0
63.1,738.2359999999995,13.448899999999979,2.0,8.0,9.0,0.225,0.0,1.0,1.0,2.0,8.0,8.0,0.25,0.0,2.0,0.0
81.9,765.2619999999996,13.20259999999998,2.0,8.0,9.0,0.225,0.0,1.0,1.0,2.0,8.0,8.0,0.25,0.0,2.0,0.0
94.6,801.3169999999997,12.615699999999984,2.0,8.0,9.0,0.225,0.0,1.0,1.0,2.0,8.0,8.0,0.25,0.0,2.0,0.0
63.4,794.3039999999995,13.33769999999998,2.0,8.0,9.0,0.225,0.0,1.0,1.0,2.0,8.0,8.0,0.25,0.0,2.0,0.0
78.6,810.3719999999995,13.50259999999998,2.0,8.0,9.0,0.225,0.0,1.0,1.0,2.0,8.0,8.0,0.25,0.0,2.0,0.0
90.9,780.2769999999996,12.995499999999984,2.0,8.0,9.0,0.225,0.0,1.0,1.0,2.0,8.0,8.0,0.25,0.0,2.0,0.0
94.5,796.3449999999996,13.160399999999983,2.0,8.0,9.0,0.225,0.0,1.0,1.0,2.0,8.0,8.0,0.25,0.0,2.0,0.0
100.3,781.2609999999996,13.42249999999998,3.0,3.0,7.0,0.5583333333333333,1.0,1.0,1.0,3.0,1.0,5.666666666666667,1.25,1.0,2.0,0.0
51.6,723.2249999999996,13.025199999999982,2.0,8.0,9.0,0.225,0.0,1.0,1.0,2.0,8.0,8.0,0.25,0.0,2.0,0.0
99.5,804.3029999999993,12.841979999999985,2.0,9.0,9.5,0.2111111111111111,0.0,0.0,2.0,2.0,8.0,8.5,0.2361111111111111,0.0,1.0,1.0
97.7,818.3299999999994,13.102679999999982,2.0,9.0,9.5,0.2111111111111111,0.0,0.0,2.0,2.0,8.0,8.5,0.2361111111111111,0.0,1.0,1.0
78.3,818.3299999999994,13.054779999999983,2.0,8.0,9.0,0.225,0.0,1.0,1.0,2.0,8.0,8.0,0.25,0.0,2.0,0.0
98.6,852.3439999999994,13.15549999999998,2.0,9.0,9.5,0.2111111111111111,0.0,0.0,2.0,2.0,8.0,8.5,0.2361111111111111,0.0,1.0,1.0
99.5,792.2879999999994,13.333469999999982,3.0,3.0,7.0,0.5583333333333333,1.0,1.0,1.0,2.0,8.0,8.0,0.25,0.0,2.0,0.0
98.8,872.3999999999994,11.777199999999992,2.0,8.0,9.0,0.225,0.0,1.0,1.0,2.0,8.0,8.0,0.25,0.0,2.0,0.0
98.7,809.2749999999995,12.690399999999986,2.0,8.0,9.0,0.225,0.0,1.0,1.0,2.0,8.0,8.0,0.25,0.0,2.0,0.0
96.8,837.3289999999995,13.341199999999981,2.0,9.0,9.5,0.2111111111111111,0.0,0.0,2.0,2.0,8.0,8.5,0.2361111111111111,0.0,1.0,1.0
98.9,851.3559999999994,13.68339999999998,2.0,9.0,9.5,0.2111111111111111,0.0,0.0,2.0,2.0,8.0,8.5,0.2361111111111111,0.0,1.0,1.0
100.2,806.3399999999996,14.635099999999971,2.0,8.0,9.0,0.225,0.0,1.0,1.0,2.0,8.0,8.0,0.25,0.0,2.0,0.0
75.1,818.2819999999995,12.356799999999987,2.0,8.0,9.0,0.225,0.0,1.0,1.0,2.0,8.0,8.0,0.25,0.0,2.0,0.0
93.5,832.3089999999995,12.816299999999984,2.0,8.0,9.0,0.225,0.0,1.0,1.0,2.0,8.0,8.0,0.25,0.0,2.0,0.0
89.6,824.3989999999994,13.892699999999977,2.0,8.0,8.5,0.2361111111111111,0.0,1.0,1.0,2.0,8.0,8.5,0.2361111111111111,0.0,1.0,1.0
77.9,846.3359999999994,13.20639999999998,2.0,8.0,8.5,0.2361111111111111,0.0,1.0,1.0,2.0,8.0,8.5,0.2361111111111111,0.0,1.0,1.0
95.1,838.4259999999994,14.138699999999975,2.0,8.0,9.0,0.225,0.0,1.0,1.0,2.0,8.0,8.0,0.25,0.0,2.0,0.0
83.0,860.3629999999994,13.45239999999998,2.0,8.0,9.0,0.225,0.0,1.0,1.0,2.0,8.0,8.0,0.25,0.0,2.0,0.0
93.8,852.4529999999993,14.528799999999974,2.0,8.0,9.0,0.225,0.0,1.0,1.0,2.0,8.0,8.0,0.25,0.0,2.0,0.0
97.6,866.4799999999992,14.91889999999997,2.0,8.0,9.0,0.225,0.0,1.0,1.0,2.0,8.0,8.0,0.25,0.0,2.0,0.0
96.0,892.4079999999996,16.041399999999967,2.0,8.0,9.0,0.225,0.0,1.0,1.0,2.0,8.0,8.0,0.25,0.0,2.0,0.0
98.1,842.3479999999996,14.888199999999973,2.0,8.0,9.0,0.225,0.0,1.0,1.0,2.0,8.0,8.0,0.25,0.0,2.0,0.0
97.5,860.3379999999996,15.02729999999997,2.0,8.0,9.0,0.225,0.0,1.0,1.0,2.0,8.0,8.0,0.25,0.0,2.0,0.0
99.0,876.7929999999996,15.541599999999967,2.0,8.0,9.0,0.225,0.0,1.0,1.0,2.0,8.0,8.0,0.25,0.0,2.0,0.0
97.6,872.3739999999996,14.896799999999972,3.0,4.0,7.333333333333333,0.475,1.0,1.0,1.0,2.0,8.0,8.0,0.25,0.0,2.0,0.0
95.3,887.3449999999996,14.796399999999974,2.0,8.0,9.0,0.225,0.0,1.0,1.0,2.0,8.0,8.0,0.25,0.0,2.0,0.0
95.0,680.1160000000002,11.022999999999994,1.0,10.0,10.0,0.1,0.0,0.0,1.0,1.0,8.0,8.0,0.125,0.0,1.0,0.0
83.0,694.143,11.413099999999991,1.0,10.0,10.0,0.1,0.0,0.0,1.0,1.0,8.0,8.0,0.125,0.0,1.0,0.0
99.0,680.16,11.94589999999999,1.0,10.0,10.0,0.1,0.0,0.0,1.0,1.0,8.0,8.0,0.125,0.0,1.0,0.0
99.0,736.2679999999998,13.362199999999982,1.0,10.0,10.0,0.1,0.0,0.0,1.0,1.0,8.0,8.0,0.125,0.0,1.0,0.0
90.0,766.2899999999997,13.942499999999974,2.0,6.0,7.0,0.29166666666666663,0.0,2.0,0.0,2.0,8.0,8.0,0.25,0.0,2.0,0.0
32.0,766.2899999999997,13.942499999999974,2.0,6.0,7.0,0.29166666666666663,0.0,2.0,0.0,2.0,8.0,8.0,0.25,0.0,2.0,0.0
88.0,766.2899999999997,13.942499999999974,2.0,6.0,7.0,0.29166666666666663,0.0,2.0,0.0,2.0,8.0,8.0,0.25,0.0,2.0,0.0
85.0,642.1100000000002,13.456999999999976,2.0,5.0,5.0,0.4,0.0,2.0,0.0,0.0,,,0.0,0.0,0.0,0.0
85.0,642.1100000000002,13.456999999999976,2.0,5.0,5.0,0.4,0.0,2.0,0.0,0.0,,,0.0,0.0,0.0,0.0
85.0,642.1100000000002,13.456999999999976,2.0,5.0,5.0,0.4,0.0,2.0,0.0,0.0,,,0.0,0.0,0.0,0.0
85.0,642.1100000000002,13.456999999999976,2.0,5.0,5.0,0.4,0.0,2.0,0.0,0.0,,,0.0,0.0,0.0,0.0
47.0,926.554999999999,10.116999999999997,0.0,,,0.0,0.0,0.0,0.0,0.0,,,0.0,0.0,0.0,0.0
95.0,996.6899999999987,12.067499999999987,0.0,,,0.0,0.0,0.0,0.0,0.0,,,0.0,0.0,0.0,0.0
87.0,1292.244999999999,19.154299999999992,0.0,,,0.0,0.0,0.0,0.0,0.0,,,0.0,0.0,0.0,0.0
88.31,1292.244999999999,19.154299999999992,0.0,,,0.0,0.0,0.0,0.0,0.0,,,0.0,0.0,0.0,0.0
89.45,642.1100000000001,13.647199999999977,1.0,6.0,6.0,0.16666666666666666,0.0,1.0,0.0,1.0,4.0,4.0,0.25,1.0,0.0,0.0
93.176,663.1049999999999,12.222599999999986,2.0,2.0,3.5,0.7,1.0,1.0,0.0,2.0,4.0,4.5,0.45,1.0,1.0,0.0
95.558,663.1049999999999,12.222599999999986,2.0,2.0,3.5,0.7,1.0,1.0,0.0,2.0,4.0,4.5,0.45,1.0,1.0,0.0
91.141,663.1049999999999,12.222599999999986,2.0,2.0,3.5,0.7,1.0,1.0,0.0,2.0,4.0,4.5,0.45,1.0,1.0,0.0
91.161,670.592,10.173399999999997,2.0,2.0,3.5,0.7,1.0,1.0,0.0,0.0,,,0.0,0.0,0.0,0.0
92.526,670.592,10.173399999999997,2.0,2.0,3.5,0.7,1.0,1.0,0.0,0.0,,,0.0,0.0,0.0,0.0
90.146,670.592,10.173399999999997,2.0,2.0,3.5,0.7,1.0,1.0,0.0,0.0,,,0.0,0.0,0.0,0.0
92.571,670.592,10.173399999999997,2.0,2.0,3.5,0.7,1.0,1.0,0.0,0.0,,,0.0,0.0,0.0,0.0
91.816,662.0969999999999,12.325599999999984,2.0,3.0,4.0,0.5333333333333333,1.0,1.0,0.0,2.0,5.0,5.0,0.4,0.0,2.0,0.0
91.361,662.0969999999999,12.325599999999984,2.0,3.0,4.0,0.5333333333333333,1.0,1.0,0.0,2.0,5.0,5.0,0.4,0.0,2.0,0.0
90.138,662.0969999999999,12.325599999999984,2.0,3.0,4.0,0.5333333333333333,1.0,1.0,0.0,2.0,5.0,5.0,0.4,0.0,2.0,0.0
79.216,642.1100000000001,13.647199999999977,1.0,6.0,6.0,0.16666666666666666,0.0,1.0,0.0,1.0,4.0,4.0,0.25,1.0,0.0,0.0
74.532,642.1100000000001,13.647199999999977,1.0,6.0,6.0,0.16666666666666666,0.0,1.0,0.0,1.0,4.0,4.0,0.25,1.0,0.0,0.0
84.168,642.1100000000001,13.647199999999977,1.0,6.0,6.0,0.16666666666666666,0.0,1.0,0.0,1.0,4.0,4.0,0.25,1.0,0.0,0.0
80.542,642.1100000000001,13.647199999999977,1.0,6.0,6.0,0.16666666666666666,0.0,1.0,0.0,1.0,4.0,4.0,0.25,1.0,0.0,0.0
77.349,642.1100000000001,13.647199999999977,1.0,6.0,6.0,0.16666666666666666,0.0,1.0,0.0,1.0,4.0,4.0,0.25,1.0,0.0,0.0
90.0,642.1100000000002,13.456999999999976,2.0,5.0,5.0,0.4,0.0,2.0,0.0,0.0,,,0.0,0.0,0.0,0.0
87.0,642.1100000000002,13.456999999999976,2.0,5.0,5.0,0.4,0.0,2.0,0.0,0.0,,,0.0,0.0,0.0,0.0
88.0,642.1100000000002,13.456999999999976,2.0,5.0,5.0,0.4,0.0,2.0,0.0,0.0,,,0.0,0.0,0.0,0.0
87.0,642.1100000000002,13.456999999999976,2.0,5.0,5.0,0.4,0.0,2.0,0.0,0.0,,,0.0,0.0,0.0,0.0
84.0,642.1100000000002,13.456999999999976,2.0,5.0,5.0,0.4,0.0,2.0,0.0,0.0,,,0.0,0.0,0.0,0.0
84.0,642.1100000000002,13.456999999999976,2.0,5.0,5.0,0.4,0.0,2.0,0.0,0.0,,,0.0,0.0,0.0,0.0
92.0,642.1100000000002,13.456999999999976,2.0,5.0,5.0,0.4,0.0,2.0,0.0,0.0,,,0.0,0.0,0.0,0.0
91.0,642.1100000000002,13.456999999999976,2.0,5.0,5.0,0.4,0.0,2.0,0.0,0.0,,,0.0,0.0,0.0,0.0
85.0,642.1100000000002,13.456999999999976,2.0,5.0,5.0,0.4,0.0,2.0,0.0,0.0,,,0.0,0.0,0.0,0.0
82.0,642.1100000000002,13.456999999999976,2.0,5.0,5.0,0.4,0.0,2.0,0.0,0.0,,,0.0,0.0,0.0,0.0
65.0,642.1100000000002,13.456999999999976,2.0,5.0,5.0,0.4,0.0,2.0,0.0,0.0,,,0.0,0.0,0.0,0.0
80.0,642.1100000000002,13.456999999999976,2.0,5.0,5.0,0.4,0.0,2.0,0.0,0.0,,,0.0,0.0,0.0,0.0
92.0,642.1100000000002,13.456999999999976,2.0,5.0,5.0,0.4,0.0,2.0,0.0,0.0,,,0.0,0.0,0.0,0.0
75.0,642.1100000000002,13.456999999999976,2.0,5.0,5.0,0.4,0.0,2.0,0.0,0.0,,,0.0,0.0,0.0,0.0
68.0,642.1100000000002,13.456999999999976,2.0,5.0,5.0,0.4,0.0,2.0,0.0,0.0,,,0.0,0.0,0.0,0.0
77.0,642.1100000000002,13.456999999999976,2.0,5.0,5.0,0.4,0.0,2.0,0.0,0.0,,,0.0,0.0,0.0,0.0
32.0,642.1100000000002,13.456999999999976,2.0,5.0,5.0,0.4,0.0,2.0,0.0,0.0,,,0.0,0.0,0.0,0.0
75.0,642.1100000000002,13.456999999999976,2.0,5.0,5.0,0.4,0.0,2.0,0.0,0.0,,,0.0,0.0,0.0,0.0
60.0,642.1100000000002,13.456999999999976,2.0,5.0,5.0,0.4,0.0,2.0,0.0,0.0,,,0.0,0.0,0.0,0.0
20.0,642.1100000000002,13.456999999999976,2.0,5.0,5.0,0.4,0.0,2.0,0.0,0.0,,,0.0,0.0,0.0,0.0
20.0,642.1100000000002,13.456999999999976,2.0,5.0,5.0,0.4,0.0,2.0,0.0,0.0,,,0.0,0.0,0.0,0.0
33.0,642.1100000000002,13.456999999999976,2.0,5.0,5.0,0.4,0.0,2.0,0.0,0.0,,,0.0,0.0,0.0,0.0
0.0,642.1100000000002,13.456999999999976,2.0,5.0,5.0,0.4,0.0,2.0,0.0,0.0,,,0.0,0.0,0.0,0.0
0.0,642.1100000000002,13.456999999999976,2.0,5.0,5.0,0.4,0.0,2.0,0.0,0.0,,,0.0,0.0,0.0,0.0
82.0,642.1100000000002,13.456999999999976,2.0,5.0,5.0,0.4,0.0,2.0,0.0,0.0,,,0.0,0.0,0.0,0.0
74.0,642.1100000000002,13.456999999999976,2.0,5.0,5.0,0.4,0.0,2.0,0.0,0.0,,,0.0,0.0,0.0,0.0
8.0,642.1100000000002,13.456999999999976,2.0,5.0,5.0,0.4,0.0,2.0,0.0,0.0,,,0.0,0.0,0.0,0.0
37.0,642.1100000000002,13.456999999999976,2.0,5.0,5.0,0.4,0.0,2.0,0.0,0.0,,,0.0,0.0,0.0,0.0
95.0,642.1100000000002,13.456999999999976,2.0,5.0,5.0,0.4,0.0,2.0,0.0,0.0,,,0.0,0.0,0.0,0.0
97.0,642.1100000000002,13.456999999999976,2.0,5.0,5.0,0.4,0.0,2.0,0.0,0.0,,,0.0,0.0,0.0,0.0
47.0,642.1100000000002,13.456999999999976,2.0,5.0,5.0,0.4,0.0,2.0,0.0,0.0,,,0.0,0.0,0.0,0.0
52.0,642.1100000000002,13.456999999999976,2.0,5.0,5.0,0.4,0.0,2.0,0.0,0.0,,,0.0,0.0,0.0,0.0
40.0,642.1100000000002,13.456999999999976,2.0,5.0,5.0,0.4,0.0,2.0,0.0,0.0,,,0.0,0.0,0.0,0.0
75.0,642.1100000000002,13.456999999999976,2.0,5.0,5.0,0.4,0.0,2.0,0.0,0.0,,,0.0,0.0,0.0,0.0
78.0,642.1100000000002,13.456999999999976,2.0,5.0,5.0,0.4,0.0,2.0,0.0,0.0,,,0.0,0.0,0.0,0.0
80.0,642.1100000000002,13.456999999999976,2.0,5.0,5.0,0.4,0.0,2.0,0.0,0.0,,,0.0,0.0,0.0,0.0
79.0,642.1100000000002,13.456999999999976,2.0,5.0,5.0,0.4,0.0,2.0,0.0,0.0,,,0.0,0.0,0.0,0.0
96.0,1451.1579999999994,18.436399999999985,8.0,3.0,6.0,1.675,3.0,4.0,1.0,8.0,3.0,6.5,1.7333333333333334,4.0,0.0,4.0
96.0,1451.1579999999994,18.436399999999985,8.0,3.0,6.0,1.675,3.0,4.0,1.0,8.0,3.0,6.5,1.7333333333333334,4.0,0.0,4.0
76.0,1451.1579999999994,18.436399999999985,8.0,3.0,6.0,1.675,3.0,4.0,1.0,8.0,3.0,6.5,1.7333333333333334,4.0,0.0,4.0
42.0,1451.1579999999994,18.436399999999985,8.0,3.0,6.0,1.675,3.0,4.0,1.0,8.0,3.0,6.5,1.7333333333333334,4.0,0.0,4.0
26.0,1451.1579999999994,18.436399999999985,8.0,3.0,6.0,1.675,3.0,4.0,1.0,8.0,3.0,6.5,1.7333333333333334,4.0,0.0,4.0
18.0,1451.1579999999994,18.436399999999985,8.0,3.0,6.0,1.675,3.0,4.0,1.0,8.0,3.0,6.5,1.7333333333333334,4.0,0.0,4.0
10.0,1451.1579999999994,18.436399999999985,8.0,3.0,6.0,1.675,3.0,4.0,1.0,8.0,3.0,6.5,1.7333333333333334,4.0,0.0,4.0
94.0,1451.1579999999994,18.436399999999985,8.0,3.0,6.0,1.675,3.0,4.0,1.0,8.0,3.0,6.5,1.7333333333333334,4.0,0.0,4.0
92.0,1451.1579999999994,18.436399999999985,8.0,3.0,6.0,1.675,3.0,4.0,1.0,8.0,3.0,6.5,1.7333333333333334,4.0,0.0,4.0
82.0,1451.1579999999994,18.436399999999985,8.0,3.0,6.0,1.675,3.0,4.0,1.0,8.0,3.0,6.5,1.7333333333333334,4.0,0.0,4.0
45.0,1451.1579999999994,18.436399999999985,8.0,3.0,6.0,1.675,3.0,4.0,1.0,8.0,3.0,6.5,1.7333333333333334,4.0,0.0,4.0
29.0,1451.1579999999994,18.436399999999985,8.0,3.0,6.0,1.675,3.0,4.0,1.0,8.0,3.0,6.5,1.7333333333333334,4.0,0.0,4.0
19.0,1451.1579999999994,18.436399999999985,8.0,3.0,6.0,1.675,3.0,4.0,1.0,8.0,3.0,6.5,1.7333333333333334,4.0,0.0,4.0
10.0,1451.1579999999994,18.436399999999985,8.0,3.0,6.0,1.675,3.0,4.0,1.0,8.0,3.0,6.5,1.7333333333333334,4.0,0.0,4.0
19.0,1451.1579999999994,18.436399999999985,8.0,3.0,6.0,1.675,3.0,4.0,1.0,8.0,3.0,6.5,1.7333333333333334,4.0,0.0,4.0
95.0,1451.1579999999994,18.436399999999985,8.0,3.0,6.0,1.675,3.0,4.0,1.0,8.0,3.0,6.5,1.7333333333333334,4.0,0.0,4.0
95.0,1451.1579999999994,18.436399999999985,8.0,3.0,6.0,1.675,3.0,4.0,1.0,8.0,3.0,6.5,1.7333333333333334,4.0,0.0,4.0
96.0,1451.1579999999994,18.436399999999985,8.0,3.0,6.0,1.675,3.0,4.0,1.0,8.0,3.0,6.5,1.7333333333333334,4.0,0.0,4.0
95.0,1451.1579999999994,18.436399999999985,8.0,3.0,6.0,1.675,3.0,4.0,1.0,8.0,3.0,6.5,1.7333333333333334,4.0,0.0,4.0
95.0,1451.1579999999994,18.436399999999985,8.0,3.0,6.0,1.675,3.0,4.0,1.0,8.0,3.0,6.5,1.7333333333333334,4.0,0.0,4.0
94.0,1451.1579999999994,18.436399999999985,8.0,3.0,6.0,1.675,3.0,4.0,1.0,8.0,3.0,6.5,1.7333333333333334,4.0,0.0,4.0
91.5,642.1100000000001,13.647199999999977,1.0,6.0,6.0,0.16666666666666666,0.0,1.0,0.0,1.0,4.0,4.0,0.25,1.0,0.0,0.0
92.8,642.1100000000001,13.647199999999977,1.0,6.0,6.0,0.16666666666666666,0.0,1.0,0.0,1.0,4.0,4.0,0.25,1.0,0.0,0.0
93.4,642.1100000000001,13.647199999999977,1.0,6.0,6.0,0.16666666666666666,0.0,1.0,0.0,1.0,4.0,4.0,0.25,1.0,0.0,0.0
87.2,642.1100000000001,13.647199999999977,1.0,6.0,6.0,0.16666666666666666,0.0,1.0,0.0,1.0,4.0,4.0,0.25,1.0,0.0,0.0
93.9,710.1819999999997,12.668699999999985,2.0,8.0,8.0,0.25,0.0,2.0,0.0,2.0,6.0,7.0,0.29166666666666663,0.0,2.0,0.0
89.8,710.1819999999997,12.668699999999985,2.0,8.0,8.0,0.25,0.0,2.0,0.0,2.0,6.0,7.0,0.29166666666666663,0.0,2.0,0.0
91.2,766.2899999999997,13.942499999999974,2.0,6.0,7.0,0.29166666666666663,0.0,2.0,0.0,2.0,8.0,8.0,0.25,0.0,2.0,0.0
88.7,766.2899999999997,13.942499999999974,2.0,6.0,7.0,0.29166666666666663,0.0,2.0,0.0,2.0,8.0,8.0,0.25,0.0,2.0,0.0
93.0,1467.21,15.127599999999967,8.0,3.0,5.0,1.825,3.0,5.0,0.0,8.0,3.0,5.5,1.8333333333333333,4.0,4.0,0.0
65.0,1467.21,15.127599999999967,8.0,3.0,5.0,1.825,3.0,5.0,0.0,8.0,3.0,5.5,1.8333333333333333,4.0,4.0,0.0
72.0,1467.21,15.127599999999967,8.0,3.0,5.0,1.825,3.0,5.0,0.0,8.0,3.0,5.5,1.8333333333333333,4.0,4.0,0.0
68.0,1467.21,15.127599999999967,8.0,3.0,5.0,1.825,3.0,5.0,0.0,8.0,3.0,5.5,1.8333333333333333,4.0,4.0,0.0
78.0,1467.21,15.127599999999967,8.0,3.0,5.0,1.825,3.0,5.0,0.0,8.0,3.0,5.5,1.8333333333333333,4.0,4.0,0.0
94.2,642.1100000000001,13.647199999999977,1.0,6.0,6.0,0.16666666666666666,0.0,1.0,0.0,1.0,4.0,4.0,0.25,1.0,0.0,0.0
94.2,642.1100000000001,13.647199999999977,1.0,6.0,6.0,0.16666666666666666,0.0,1.0,0.0,1.0,4.0,4.0,0.25,1.0,0.0,0.0
95.6,642.1100000000001,13.647199999999977,1.0,6.0,6.0,0.16666666666666666,0.0,1.0,0.0,1.0,4.0,4.0,0.25,1.0,0.0,0.0
90.0,642.1100000000002,13.456999999999976,2.0,5.0,5.0,0.4,0.0,2.0,0.0,0.0,,,0.0,0.0,0.0,0.0
60.0,766.2899999999997,13.942499999999974,2.0,6.0,7.0,0.29166666666666663,0.0,2.0,0.0,2.0,8.0,8.0,0.25,0.0,2.0,0.0
88.0,710.1819999999997,12.668699999999985,2.0,8.0,8.0,0.25,0.0,2.0,0.0,2.0,6.0,7.0,0.29166666666666663,0.0,2.0,0.0
84.0,766.2899999999997,13.942499999999974,2.0,6.0,7.0,0.29166666666666663,0.0,2.0,0.0,2.0,8.0,8.0,0.25,0.0,2.0,0.0
95.0,1292.244999999999,19.154299999999992,0.0,,,0.0,0.0,0.0,0.0,0.0,,,0.0,0.0,0.0,0.0
95.0,710.1819999999997,12.668699999999985,2.0,8.0,8.0,0.25,0.0,2.0,0.0,2.0,6.0,7.0,0.29166666666666663,0.0,2.0,0.0
85.0,642.1100000000001,13.647199999999977,1.0,6.0,6.0,0.16666666666666666,0.0,1.0,0.0,1.0,4.0,4.0,0.25,1.0,0.0,0.0
85.0,642.1100000000001,13.647199999999977,1.0,6.0,6.0,0.16666666666666666,0.0,1.0,0.0,1.0,4.0,4.0,0.25,1.0,0.0,0.0
85.0,642.1100000000001,13.647199999999977,1.0,6.0,6.0,0.16666666666666666,0.0,1.0,0.0,1.0,4.0,4.0,0.25,1.0,0.0,0.0
85.0,642.1100000000001,13.647199999999977,1.0,6.0,6.0,0.16666666666666666,0.0,1.0,0.0,1.0,4.0,4.0,0.25,1.0,0.0,0.0
35.0,650.0860000000001,11.849299999999987,2.0,6.0,11.0,0.22916666666666666,0.0,1.0,1.0,2.0,4.0,10.0,0.3125,1.0,0.0,1.0
96.0,650.0860000000001,11.849299999999987,2.0,6.0,11.0,0.22916666666666666,0.0,1.0,1.0,2.0,4.0,10.0,0.3125,1.0,0.0,1.0
96.0,650.0860000000001,11.849299999999987,2.0,6.0,11.0,0.22916666666666666,0.0,1.0,1.0,2.0,4.0,10.0,0.3125,1.0,0.0,1.0
97.0,650.0860000000001,11.849299999999987,2.0,6.0,11.0,0.22916666666666666,0.0,1.0,1.0,2.0,4.0,10.0,0.3125,1.0,0.0,1.0
97.0,650.0860000000001,11.849299999999987,2.0,6.0,11.0,0.22916666666666666,0.0,1.0,1.0,2.0,4.0,10.0,0.3125,1.0,0.0,1.0
96.0,650.0860000000001,11.849299999999987,2.0,6.0,11.0,0.22916666666666666,0.0,1.0,1.0,2.0,4.0,10.0,0.3125,1.0,0.0,1.0
96.0,650.0860000000001,11.849299999999987,2.0,6.0,11.0,0.22916666666666666,0.0,1.0,1.0,2.0,4.0,10.0,0.3125,1.0,0.0,1.0
92.0,650.0860000000001,11.849299999999987,2.0,6.0,11.0,0.22916666666666666,0.0,1.0,1.0,2.0,4.0,10.0,0.3125,1.0,0.0,1.0
97.0,650.0860000000001,11.849299999999987,2.0,6.0,11.0,0.22916666666666666,0.0,1.0,1.0,2.0,4.0,10.0,0.3125,1.0,0.0,1.0
74.0,1743.98,31.07370000000009,0.0,,,0.0,0.0,0.0,0.0,0.0,,,0.0,0.0,0.0,0.0
81.0,1743.98,31.07370000000009,0.0,,,0.0,0.0,0.0,0.0,0.0,,,0.0,0.0,0.0,0.0
55.0,1314.1619999999994,21.051400000000008,0.0,,,0.0,0.0,0.0,0.0,0.0,,,0.0,0.0,0.0,0.0
76.0,1723.8200000000002,28.833700000000075,0.0,,,0.0,0.0,0.0,0.0,0.0,,,0.0,0.0,0.0,0.0
50.0,642.1100000000001,13.647199999999977,1.0,6.0,6.0,0.16666666666666666,0.0,1.0,0.0,1.0,4.0,4.0,0.25,1.0,0.0,0.0
45.5,726.2319999999999,13.561699999999977,1.0,2.0,2.0,0.5,1.0,0.0,0.0,1.0,2.0,2.0,0.5,1.0,0.0,0.0
61.3,726.2319999999999,13.561699999999977,1.0,2.0,2.0,0.5,1.0,0.0,0.0,1.0,2.0,2.0,0.5,1.0,0.0,0.0
55.3,726.2319999999999,13.561699999999977,1.0,2.0,2.0,0.5,1.0,0.0,0.0,1.0,2.0,2.0,0.5,1.0,0.0,0.0
60.6,726.2319999999999,13.561699999999977,1.0,2.0,2.0,0.5,1.0,0.0,0.0,1.0,2.0,2.0,0.5,1.0,0.0,0.0
25.5,726.2319999999999,13.561699999999977,1.0,2.0,2.0,0.5,1.0,0.0,0.0,1.0,2.0,2.0,0.5,1.0,0.0,0.0
64.7,726.2319999999999,13.561699999999977,1.0,2.0,2.0,0.5,1.0,0.0,0.0,1.0,2.0,2.0,0.5,1.0,0.0,0.0
57.9,726.2319999999999,13.561699999999977,1.0,2.0,2.0,0.5,1.0,0.0,0.0,1.0,2.0,2.0,0.5,1.0,0.0,0.0
22.5,726.2319999999999,13.561699999999977,1.0,2.0,2.0,0.5,1.0,0.0,0.0,1.0,2.0,2.0,0.5,1.0,0.0,0.0
96.4,726.2319999999999,13.561699999999977,1.0,2.0,2.0,0.5,1.0,0.0,0.0,1.0,2.0,2.0,0.5,1.0,0.0,0.0
59.5,726.2319999999999,13.561699999999977,1.0,2.0,2.0,0.5,1.0,0.0,0.0,1.0,2.0,2.0,0.5,1.0,0.0,0.0
56.4,726.2319999999999,13.561699999999977,1.0,2.0,2.0,0.5,1.0,0.0,0.0,1.0,2.0,2.0,0.5,1.0,0.0,0.0
68.1,726.2319999999999,13.561699999999977,1.0,2.0,2.0,0.5,1.0,0.0,0.0,1.0,2.0,2.0,0.5,1.0,0.0,0.0
64.3,726.2319999999999,13.561699999999977,1.0,2.0,2.0,0.5,1.0,0.0,0.0,1.0,2.0,2.0,0.5,1.0,0.0,0.0
57.2,726.2319999999999,13.561699999999977,1.0,2.0,2.0,0.5,1.0,0.0,0.0,1.0,2.0,2.0,0.5,1.0,0.0,0.0
57.5,726.2319999999999,13.561699999999977,1.0,2.0,2.0,0.5,1.0,0.0,0.0,1.0,2.0,2.0,0.5,1.0,0.0,0.0
65.2,726.2319999999999,13.561699999999977,1.0,2.0,2.0,0.5,1.0,0.0,0.0,1.0,2.0,2.0,0.5,1.0,0.0,0.0
21.7,726.2319999999999,13.561699999999977,1.0,2.0,2.0,0.5,1.0,0.0,0.0,1.0,2.0,2.0,0.5,1.0,0.0,0.0
70.2,726.2319999999999,13.561699999999977,1.0,2.0,2.0,0.5,1.0,0.0,0.0,1.0,2.0,2.0,0.5,1.0,0.0,0.0
53.9,726.2319999999999,13.561699999999977,1.0,2.0,2.0,0.5,1.0,0.0,0.0,1.0,2.0,2.0,0.5,1.0,0.0,0.0
41.3,726.2319999999999,13.561699999999977,1.0,2.0,2.0,0.5,1.0,0.0,0.0,1.0,2.0,2.0,0.5,1.0,0.0,0.0
98.9,726.2319999999999,13.561699999999977,1.0,2.0,2.0,0.5,1.0,0.0,0.0,1.0,2.0,2.0,0.5,1.0,0.0,0.0
9.4,726.2319999999999,13.561699999999977,1.0,2.0,2.0,0.5,1.0,0.0,0.0,1.0,2.0,2.0,0.5,1.0,0.0,0.0
60.3,726.2319999999999,13.561699999999977,1.0,2.0,2.0,0.5,1.0,0.0,0.0,1.0,2.0,2.0,0.5,1.0,0.0,0.0
79.0,726.2319999999999,13.561699999999977,1.0,2.0,2.0,0.5,1.0,0.0,0.0,1.0,2.0,2.0,0.5,1.0,0.0,0.0
60.3,726.2319999999999,13.561699999999977,1.0,2.0,2.0,0.5,1.0,0.0,0.0,1.0,2.0,2.0,0.5,1.0,0.0,0.0
50.4,726.2319999999999,13.561699999999977,1.0,2.0,2.0,0.5,1.0,0.0,0.0,1.0,2.0,2.0,0.5,1.0,0.0,0.0
60.3,726.2319999999999,13.561699999999977,1.0,2.0,2.0,0.5,1.0,0.0,0.0,1.0,2.0,2.0,0.5,1.0,0.0,0.0
45.5,726.2319999999999,13.561699999999977,1.0,2.0,2.0,0.5,1.0,0.0,0.0,1.0,2.0,2.0,0.5,1.0,0.0,0.0
54.5,726.2319999999999,13.561699999999977,1.0,2.0,2.0,0.5,1.0,0.0,0.0,1.0,2.0,2.0,0.5,1.0,0.0,0.0
75.5,726.2319999999999,13.561699999999977,1.0,2.0,2.0,0.5,1.0,0.0,0.0,1.0,2.0,2.0,0.5,1.0,0.0,0.0
76.5,726.2319999999999,13.561699999999977,1.0,2.0,2.0,0.5,1.0,0.0,0.0,1.0,2.0,2.0,0.5,1.0,0.0,0.0
45.5,726.2319999999999,13.561699999999977,1.0,2.0,2.0,0.5,1.0,0.0,0.0,1.0,2.0,2.0,0.5,1.0,0.0,0.0
55.5,726.2319999999999,13.561699999999977,1.0,2.0,2.0,0.5,1.0,0.0,0.0,1.0,2.0,2.0,0.5,1.0,0.0,0.0
65.6,726.2319999999999,13.561699999999977,1.0,2.0,2.0,0.5,1.0,0.0,0.0,1.0,2.0,2.0,0.5,1.0,0.0,0.0
90.0,1292.244999999999,19.154299999999992,0.0,,,0.0,0.0,0.0,0.0,0.0,,,0.0,0.0,0.0,0.0
90.0,1292.244999999999,19.154299999999992,0.0,,,0.0,0.0,0.0,0.0,0.0,,,0.0,0.0,0.0,0.0
90.0,1292.244999999999,19.154299999999992,0.0,,,0.0,0.0,0.0,0.0,0.0,,,0.0,0.0,0.0,0.0
31.1,770.1499999999996,8.356800000000007,4.0,3.0,3.5,1.2,3.0,1.0,0.0,4.0,3.0,3.0,1.3333333333333333,4.0,0.0,0.0
89.7,883.3539999999992,10.721499999999994,4.0,3.0,3.5,1.2,3.0,1.0,0.0,4.0,3.0,3.0,1.3333333333333333,4.0,0.0,0.0
93.6,938.473999999999,13.037999999999982,4.0,3.0,3.5,1.2,3.0,1.0,0.0,4.0,3.0,3.0,1.3333333333333333,4.0,0.0,0.0
89.3,1036.6629999999986,15.192299999999971,4.0,3.0,3.5,1.2,3.0,1.0,0.0,4.0,3.0,3.0,1.3333333333333333,4.0,0.0,0.0
89.7,994.5819999999987,14.598399999999973,4.0,3.0,3.5,1.2,3.0,1.0,0.0,4.0,3.0,3.0,1.3333333333333333,4.0,0.0,0.0
84.7,1050.6899999999985,16.158799999999967,4.0,3.0,3.5,1.2,3.0,1.0,0.0,4.0,3.0,3.0,1.3333333333333333,4.0,0.0,0.0
88.1,1092.7709999999986,17.32909999999998,4.0,3.0,3.5,1.2,3.0,1.0,0.0,4.0,3.0,3.0,1.3333333333333333,4.0,0.0,0.0
86.2,1162.9059999999988,19.279599999999995,4.0,3.0,3.5,1.2,3.0,1.0,0.0,4.0,3.0,3.0,1.3333333333333333,4.0,0.0,0.0
82.1,1219.013999999999,20.840000000000007,4.0,3.0,3.5,1.2,3.0,1.0,0.0,4.0,3.0,3.0,1.3333333333333333,4.0,0.0,0.0
69.0,1331.2299999999987,23.96080000000003,4.0,3.0,3.5,1.2,3.0,1.0,0.0,4.0,3.0,3.0,1.3333333333333333,4.0,0.0,0.0
64.4,1443.4459999999992,27.08160000000006,4.0,3.0,3.5,1.2,3.0,1.0,0.0,4.0,3.0,3.0,1.3333333333333333,4.0,0.0,0.0
85.3,616.0720000000001,12.57679999999998,2.0,2.0,3.5,0.7,1.0,1.0,0.0,0.0,,,0.0,0.0,0.0,0.0
93.6,616.0720000000001,12.57679999999998,2.0,2.0,3.5,0.7,1.0,1.0,0.0,0.0,,,0.0,0.0,0.0,0.0
90.7,616.0720000000001,12.57679999999998,2.0,2.0,3.5,0.7,1.0,1.0,0.0,0.0,,,0.0,0.0,0.0,0.0
95.0,616.0720000000001,12.57679999999998,2.0,2.0,3.5,0.7,1.0,1.0,0.0,0.0,,,0.0,0.0,0.0,0.0
97.5,616.0720000000001,12.57679999999998,2.0,2.0,3.5,0.7,1.0,1.0,0.0,0.0,,,0.0,0.0,0.0,0.0
92.0,616.0720000000001,12.57679999999998,2.0,2.0,3.5,0.7,1.0,1.0,0.0,0.0,,,0.0,0.0,0.0,0.0
79.0,1092.7709999999986,17.32909999999998,4.0,3.0,3.5,1.2,3.0,1.0,0.0,4.0,3.0,3.0,1.3333333333333333,4.0,0.0,0.0
95.0,642.1100000000001,13.647199999999977,1.0,6.0,6.0,0.16666666666666666,0.0,1.0,0.0,1.0,4.0,4.0,0.25,1.0,0.0,0.0
92.0,642.1100000000001,13.647199999999977,1.0,6.0,6.0,0.16666666666666666,0.0,1.0,0.0,1.0,4.0,4.0,0.25,1.0,0.0,0.0
90.0,642.1100000000001,13.647199999999977,1.0,6.0,6.0,0.16666666666666666,0.0,1.0,0.0,1.0,4.0,4.0,0.25,1.0,0.0,0.0
88.0,642.1100000000001,13.647199999999977,1.0,6.0,6.0,0.16666666666666666,0.0,1.0,0.0,1.0,4.0,4.0,0.25,1.0,0.0,0.0
85.0,642.1100000000001,13.647199999999977,1.0,6.0,6.0,0.16666666666666666,0.0,1.0,0.0,1.0,4.0,4.0,0.25,1.0,0.0,0.0
