Feature,Distance_bin,n_present,Mean_EE,Median_EE,Delta_EE,Phi,p_chi2,p_mwu,q_fdr,p_bonf,FDR_sig,Bonf_sig
OH,3-5,96,63.9209375,65.3,-11.304599016853949,0.07636419724946876,0.10447720150587639,0.00502294820496596,0.007175640292808515,0.0502294820496596,True,False
OH,6-8,54,71.26296296296296,74.85,-1.7734717104038822,0.14937191881000467,0.0014948031095105502,0.0026904793515344096,0.004588687175443095,0.026904793515344097,True,True
Ether,0-2,55,67.9378,65.2,-5.563766750629725,0.1282229407929492,0.006409590625028901,0.04240365883331548,0.04711517648146164,0.42403658833315483,True,False
Ether,3-5,219,71.90554794520547,79.4,-1.7828039861250033,0.06928278098369953,0.140758551336241,0.006240695468310096,0.007800869335387619,0.06240695468310096,True,False
Ether,6-8,93,87.83330107526882,92.3,18.89679968251116,0.30176991369918726,1.4016218767275092e-10,2.4086911166414056e-16,2.4086911166414053e-15,2.4086911166414057e-15,True,True
Ether,>8,13,93.25384615384615,96.8,21.034253898720863,0.12340888657033855,0.008697808388003613,2.8891223589714436e-05,7.222805897428608e-05,0.0002889122358971444,True,True
Ester,0-2,35,58.357142857142854,59.5,-15.681708461801996,0.24750139952945585,1.425340352084563e-07,2.4458408524067743e-05,7.222805897428608e-05,0.0002445840852406774,True,True
Ester,3-5,124,80.83376612903227,88.0,11.037077104642037,0.2900658481783338,6.964858187641976e-10,1.0406166604492552e-07,5.203083302246276e-07,1.0406166604492552e-06,True,True
Ester,6-8,155,76.30193548387096,79.4,5.292167807103283,0.057081923574380654,0.22490878170732348,0.4608945568916719,0.4608945568916719,1.0,False,False
Amide,0-2,21,85.38095238095238,91.0,13.168189039885092,0.07247128217515217,0.1233750634503683,0.002753212305265857,0.004588687175443095,0.02753212305265857,True,True
