mutant,mean_PE,mean_density,mean_rmsd,rmsd_plateau,mean_rmsf,max_rmsf,mean_Q,std_Q,mean_rg,std_rg,sc_hbonds,bb_hbonds,prot_water_hbonds,delta_mean_PE,delta_mean_density,delta_mean_rmsd,delta_rmsd_plateau,delta_mean_rmsf,delta_max_rmsf,delta_mean_Q,delta_std_Q,delta_mean_rg,delta_std_rg,delta_sc_hbonds,delta_bb_hbonds,delta_prot_water_hbonds
1PGA,,,0.38941531463914186,0.37554896329700344,0.2772410440264061,0.5035592430290995,0.9485293442014717,3.687718474215713e-09,10.607772549630583,0.03210255361290751,22.89,149.17,211.16,,,0.0,0.0,0.0,0.0,0.0,0.0,0.0,0.0,0.0,0.0,0.0
V21P,,,0.38170269166095205,0.37910620699453756,0.26976733355054167,0.37418488259518773,0.9490908585704685,4.8016400780844246e-09,10.5580720506997,0.02717905930352174,25.52,146.49,208.44,,,-0.007712622978189809,0.0035572436975341293,-0.007473710475864426,-0.12937436043391176,0.0005615143689967628,1.1139216038687116e-09,-0.049700498930883796,-0.0049234943093857675,2.629999999999999,-2.6799999999999784,-2.719999999999999
F52M,,,0.41199567228523026,0.4066385960864752,0.2698759406283047,0.3566713365621488,0.9483394256385176,4.061297222797446e-09,10.602566048842972,0.02698419432373982,25.61,146.87,214.46,,,0.0225803576460884,0.031089632789471744,-0.007365103398101369,-0.1468879064669507,-0.0001899185629541389,3.7357874858173337e-10,-0.005206500787611645,-0.005118359289167689,2.719999999999999,-2.299999999999983,3.3000000000000114
T51M,-118876.88168066254,1.0077936341960627,0.40491752616211335,0.4057878734809775,0.2649092018978899,0.35232824820841474,0.9479553431263452,2.174938236151367e-09,10.561133944224778,0.02596194628076769,24.66,145.89,215.72,,,0.015502211522971487,0.030238910183974066,-0.01233184212851618,-0.15123099482068475,-0.0005740010751265068,-1.5127802380643457e-09,-0.04663860540580522,-0.0061406073321398184,1.7699999999999996,-3.280000000000001,4.560000000000002
G14L,,,0.4180256716918369,0.41861564221017256,0.2652530325318407,0.3655984687349953,0.9481480925100858,3.1680054892063095e-09,10.587554210398595,0.02691888424393763,24.29,147.93,212.72,,,0.028610357052695046,0.04306667891316912,-0.01198801149456541,-0.1379607742941042,-0.00038125169138591986,-5.197129850094034e-10,-0.020218339231988125,-0.005183669368969877,1.3999999999999986,-1.2399999999999807,1.5600000000000023
D47Y,-130020.44147011392,1.0030283285120225,0.3901331351819246,0.3910766537276567,0.2633480888743884,0.35000782291313803,0.9487178865123105,3.872901029745645e-09,10.629268315631935,0.02570249602445284,22.49,146.43,201.62,,,0.0007178205427827433,0.015527690430653274,-0.013892955152017716,-0.15355142011596146,0.0001885423108387574,1.851825555299319e-10,0.021495766001351058,-0.006400057588454668,-0.40000000000000213,-2.7399999999999807,-9.539999999999992
L07T,-114759.6520940249,1.0083759756921808,0.40651774526236684,0.4053349310017246,0.26770062179028803,0.3726329139999584,0.9483394167442417,7.328855500509061e-09,10.563704030702299,0.02628180826690997,25.39,146.74,215.9,,,0.017102430623224973,0.02978596770472114,-0.009540422236118062,-0.1309263290291411,-0.00018992745723001025,3.641137026293348e-09,-0.04406851892828456,-0.005820745345997538,2.5,-2.4299999999999784,4.740000000000009
E19F,,,0.40569206115072953,0.4059101227323827,0.26687761058757004,0.3442532498418717,0.9483394304808435,2.451731620715775e-09,10.5851750341767,0.025696753934052057,22.99,148.21,205.62,,,0.01627674651158767,0.03036115943537926,-0.010363433438836056,-0.15930599318722777,-0.00018991372062826528,-1.2359868534999379e-09,-0.022597515453883332,-0.006405799678855451,0.09999999999999787,-0.9599999999999795,-5.539999999999992
T55V,-116619.19782496392,1.009626180834185,0.3829527125082145,0.3825223945652723,0.2697358346136893,0.43293718872697734,0.9487178796580041,6.830293353430991e-09,10.555993274471671,0.02669580449167169,25.62,145.18,204.52,,,-0.006462602130927364,0.0069734312682688815,-0.007505209412716818,-0.07062205430212215,0.00018853545653241266,3.1425748792152782e-09,-0.05177927515891234,-0.005406749121235819,2.7300000000000004,-3.9899999999999807,-6.639999999999986
L05A,,,0.406671587620337,0.40569089770219036,0.2661574950948065,0.35337983290141645,0.9483394283603329,2.4345215138622038e-09,10.601167886413997,0.026886935587189135,25.78,146.77,210.04,,,0.017256272981195142,0.03014193440518692,-0.011083548931599574,-0.15017941012768304,-0.00018991584113881022,-1.2531969603535092e-09,-0.006604663216586815,-0.005215618025718374,2.8900000000000006,-2.3999999999999773,-1.1200000000000045
A34N,-120299.83337228314,1.0086906318742686,0.43605079564029886,0.42515256171575433,0.2674207519304817,0.36290028271095526,0.9483394264121298,2.8105452725559536e-09,10.575827575658426,0.02640274834478309,25.79,145.98,214.12,,,0.046635481001157,0.049603598418750894,-0.009820292095924388,-0.14065896031814423,-0.00018991778934196457,-8.771732016597594e-10,-0.03194497397215734,-0.005699805268124417,2.8999999999999986,-3.1899999999999977,2.960000000000008
E15D,,,0.3998496617647652,0.3986571944584662,0.26597325829657165,0.34649941379136473,0.9477611397478723,2.4869161463161966e-09,10.56565110144324,0.02713144659175324,24.15,148.07,213.06,,,0.010434347125623356,0.023108231161462767,-0.011267785729834445,-0.15705982923773476,-0.0007682044535993748,-1.2008023278995164e-09,-0.04212144818734309,-0.004971107021154268,1.259999999999998,-1.0999999999999943,1.9000000000000057
K10D,-148374.62665580382,1.0005064835064965,0.38530092233920793,0.38318687044993527,0.26653866655549,0.3557020393192462,0.9487178881059538,2.926073640235225e-09,10.569187396852094,0.026669582384508644,25.29,146.27,214.78,,,-0.004114392299933933,0.007637907152931833,-0.010702377470916069,-0.14785720370985328,0.0001885439044820858,-7.616448339804879e-10,-0.03858515277848973,-0.005432971228398864,2.3999999999999986,-2.8999999999999773,3.6200000000000045
K28N,-117090.30889466286,1.010851764725242,0.4050131269071897,0.40402299448837947,0.2675547435210596,0.35919066550163203,0.9479553339536412,2.588825115402875e-09,10.549542813392007,0.026503449576410373,25.04,147.68,215.26,,,0.01559781226804785,0.028474031191376037,-0.009686300505346468,-0.14436857752746746,-0.0005740102478305475,-1.098893358812838e-09,-0.058229736238576635,-0.005599104036497136,2.1499999999999986,-1.4899999999999807,4.099999999999994
N08V,-118277.44904461347,1.0081385155435743,0.36183534930458205,0.362152432645858,0.2627864207541969,0.3563314469610544,0.947955330145592,4.374991793572675e-09,10.542880012801684,0.025644074360293232,24.75,147.84,213.06,,,-0.02757996533455981,-0.013396530651145433,-0.0144546232722092,-0.1472277960680451,-0.0005740140558797568,6.872733193569624e-10,-0.06489253682889995,-0.006458479252614276,1.8599999999999994,-1.329999999999984,1.9000000000000057
D36Q,-120395.37690485385,1.0065292375378456,0.3898289337242359,0.3922669094887124,0.2606506307445137,0.3315005327758931,0.9487178962300213,2.5007550851307395e-09,10.57184877826629,0.02563098388855884,24.11,146.87,209.68,,,0.0004136190850940191,0.016717946191708966,-0.01659041328189237,-0.1720587102532064,0.0001885520285496156,-1.1869633890849734e-09,-0.0359237713642937,-0.006471569724348668,1.2199999999999989,-2.299999999999983,-1.4799999999999898
I06Q,-131718.42876127522,1.0053313171122473,0.37212168900634596,0.37297677906369203,0.2671929312850616,0.4120640907661969,0.9479553338188282,2.6531632510931694e-09,10.55031304511353,0.026120229685000194,25.91,148.02,222.0,,,-0.017293625632795906,-0.002572184233311403,-0.010048112741344484,-0.09149515226290261,-0.0005740103826434861,-1.0345552231225435e-09,-0.05745950451705362,-0.005982323927907315,3.0199999999999996,-1.1499999999999773,10.840000000000003
V39Y,-113253.24998048211,1.0120317008669792,0.3954362635331403,0.3952403285812487,0.2703472781870933,0.36119092662479413,0.9479553359331726,2.4582513901765105e-09,10.629234497955402,0.025970401478532565,25.58,147.23,216.12,,,0.006020948893998457,0.019691365284245255,-0.006893765839312782,-0.14236831640430536,-0.0005740082682991199,-1.2294670840392025e-09,0.02146194832481818,-0.0061321521343749436,2.6899999999999977,-1.9399999999999977,4.960000000000008
A26S,,,0.41529547158035446,0.41515847298330044,0.2671567094867454,0.4001012014878654,0.9485293602607268,2.3153009890663366e-09,10.570406261950124,0.02671500052472789,24.68,146.8,215.24,,,0.025880156941212595,0.039609509686297006,-0.010084334539660678,-0.10345804154123411,1.6059255036893205e-08,-1.3724174851493764e-09,-0.037366287680459465,-0.00538755308817962,1.7899999999999991,-2.369999999999976,4.0800000000000125
A48G,,,0.40884628520506633,0.40803674389717487,0.2698863503152907,0.3961773465870252,0.9481480862768848,4.9449069502351425e-09,10.53426945525652,0.026686197957869143,25.08,146.31,211.54,,,0.019430970565924466,0.032487780600171434,-0.007354693711115412,-0.1073818964420743,-0.00038125792458687524,1.2571884760194296e-09,-0.07350309437406288,-0.005416355655038365,2.1899999999999977,-2.859999999999985,0.37999999999999545
N35D,-114307.3512298287,1.0128545436533798,0.36786313469387044,0.3671960031928381,0.26542427468600216,0.3596698563265288,0.9485293494891842,1.1049853032859036e-08,10.569395651976336,0.026416728382110247,25.28,146.94,218.16,,,-0.02155217994527142,-0.008352960104165308,-0.011816769340403932,-0.14388938670257068,5.287712490087415e-09,7.3621345586433234e-09,-0.038376897654247344,-0.005685825230797262,2.3900000000000006,-2.2299999999999898,7.0
T53H,-114908.03968356841,1.0107567404112248,0.40298723395105224,0.4034179659299845,0.2674275108810774,0.36210246786001743,0.948529348242517,3.266652766130313e-09,10.56001051814135,0.027123135600048538,24.69,147.39,213.98,,,0.013571919311910374,0.027869002632981088,-0.009813533145328679,-0.14145677516908206,4.041045276181876e-09,-4.210657080854001e-10,-0.04776203148923308,-0.00497941801285897,1.8000000000000007,-1.7800000000000011,2.819999999999993
T17Y,-107876.19725007754,1.0135103733596986,0.4052069590031131,0.40520845296759817,0.2645047513994107,0.3646307329981316,0.9487178920741407,7.816591946433428e-09,10.564261203074018,0.02650706762706935,25.95,146.55,210.84,,,0.015791644363971236,0.02965948967059473,-0.012736292626995382,-0.1389285100309679,0.000188547872668976,4.128873472217716e-09,-0.0435113465565653,-0.005595485985838158,3.0599999999999987,-2.619999999999976,-0.3199999999999932
T11H,-151046.96273233386,0.9997020722590251,0.38970979496738445,0.3887621575542828,0.26461367513298295,0.36561732388419116,0.9489050484967638,2.887510960888276e-09,10.61342527785772,0.02633776533794266,26.6,145.43,215.34,,,0.00029448032824258563,0.013213194257279348,-0.012627368893423141,-0.13794191914490833,0.0003757042952921008,-8.002075133274369e-10,0.005652728227136805,-0.005764788274964849,3.710000000000001,-3.7399999999999807,4.180000000000007
T18F,-122570.54504637393,1.005913349263232,0.4010453507315949,0.40127594379812626,0.267854333217221,0.3579092788646945,0.9485293597295859,3.0932377389671383e-09,10.603085435745458,0.026916913198909924,25.06,146.78,206.5,,,0.011630036092453055,0.02572698050112282,-0.009386710809185073,-0.145649964164405,1.5528114127860704e-08,-5.944807352485747e-10,-0.004687113885125882,-0.0051856404139975845,2.169999999999998,-2.3899999999999864,-4.659999999999997
Q32S,-119866.75763412139,1.0076300533922802,0.3888100281532893,0.387567622479341,0.2667029665040143,0.3522507790474704,0.9481480869423867,4.115905040215579e-09,10.571633806786568,0.025611762138206536,22.46,147.03,207.58,,,-0.0006052864858525631,0.012018659182337577,-0.010538077522391776,-0.15130846398162912,-0.0003812572590849994,4.28186565999866e-10,-0.03613874284401497,-0.006490791474700972,-0.4299999999999997,-2.1399999999999864,-3.579999999999984
G38Q,-120748.10856660525,1.0075137239615568,0.3870111494962215,0.3868045793310406,0.2647978803214917,0.3409515456390531,0.9489050497710922,2.5956482841564655e-09,10.64541803632891,0.02651601686919457,26.62,144.88,219.2,,,-0.002404165142920356,0.011255616034037186,-0.012443163704914384,-0.16260769739004638,0.0003757055696205214,-1.0920701900592474e-09,0.037645486698327346,-0.005586536743712938,3.7300000000000004,-4.289999999999992,8.039999999999992
E27L,,,0.38607989408563215,0.3861506332311897,0.26498464083195994,0.3496097873398706,0.9479553240872146,3.741926637146566e-09,10.60126904819096,0.026393993946694515,22.87,146.65,203.34,,,-0.003335420553509716,0.010601669934186264,-0.012256403194446153,-0.1539494556892289,-0.0005740201142571122,5.4208162930852734e-11,-0.006503501439622639,-0.005708559666212993,-0.019999999999999574,-2.519999999999982,-7.819999999999993
K13D,-128042.19855204402,1.0058070952257994,0.38915764234091454,0.38801626930320604,0.2700227039539084,0.3929423178010808,0.947955311810077,1.2646174072300824e-08,10.586154910315493,0.027059357931485208,26.16,147.06,217.14,,,-0.0002576722982273183,0.012467306006202605,-0.007218340072497664,-0.11061692522801869,-0.000574032391394752,8.958455598085111e-09,-0.021617639315090642,-0.005043195681422301,3.2699999999999996,-2.109999999999985,5.97999999999999
T02A,-120517.82781379586,1.0080964927464156,0.38387608511213167,0.3839894491085732,0.2671414691946958,0.3578475753865567,0.948148090956008,5.4338329802537535e-09,10.536366634106633,0.026082148427977816,24.19,147.8,209.7,,,-0.005539229527010192,0.008440485811569753,-0.010099574831710312,-0.14571166764254279,-0.00038125324546367523,1.7461145060380405e-09,-0.07140591552395037,-0.006020405184929693,1.3000000000000007,-1.3699999999999761,-1.460000000000008
K50D,-126454.8458926406,1.0073206057187376,0.41972756232610514,0.4187711631569645,0.2675523408713503,0.35609244844119947,0.9477611252867104,3.978439236624718e-09,10.611148845804827,0.02658942150882317,25.29,145.91,228.76,,,0.03031224768696328,0.043222199859961064,-0.009688703155055767,-0.14746679458790002,-0.0007682189147613094,2.907207624090052e-10,0.0033762961742436204,-0.005513132104084339,2.3999999999999986,-3.259999999999991,17.599999999999994
V29D,-119822.43420097457,1.0085630931132163,0.3897348518453416,0.3894106146501743,0.2666819200310104,0.34744548976543055,0.9485293530593389,5.92652184530622e-09,10.581862212250057,0.02662704155829992,25.57,145.46,220.58,,,0.00031953720619976034,0.013861651353170856,-0.010559123995395714,-0.15611375326366894,8.857867217493265e-09,2.2388033710905074e-09,-0.025910337380526727,-0.005475512054607588,2.6799999999999997,-3.7099999999999795,9.420000000000016
Y33E,-122709.60651305264,1.007681847042281,0.404866926450564,0.40405806283212176,0.26897450693282926,0.34983207031260505,0.9481480791253716,2.023490276856243e-08,10.59224885009433,0.02662602881060295,27.9,145.99,222.0,,,0.015451611811422128,0.02850909953511832,-0.008266537093576831,-0.15372717271649444,-0.0003812650761001457,1.6547184294346717e-08,-0.015523699536252877,-0.00547652480230456,5.009999999999998,-3.1799999999999784,10.840000000000003
E42S,-114097.8841587726,1.0095192541854652,0.3790897768256113,0.3787248195771892,0.2663711808088018,0.35232565200098936,0.9485293447424409,4.592326474695325e-09,10.551988636466596,0.025638088400356744,24.69,147.89,210.2,,,-0.010325537813530572,0.0031758562801857404,-0.010869863217604303,-0.15123359102811013,5.409691583579956e-10,9.046080004796118e-10,-0.05578391316398701,-0.006464465212550764,1.8000000000000007,-1.2800000000000011,-0.960000000000008
K31A,-119499.34405631913,1.0078774141950089,0.4084329164727915,0.40001936675615574,0.27264232877545175,0.43489431270136436,0.9481480870618442,5.348153439600644e-09,10.6112239989354,0.027382594641977225,24.29,146.93,206.54,,,0.019017601833649644,0.0244704034591523,-0.004598715250954344,-0.06866493032773513,-0.0003812571396275555,1.6604349653849313e-09,0.003451449304815668,-0.004719958970930284,1.3999999999999986,-2.2399999999999807,-4.6200000000000045
T49D,-124161.65084708303,1.0064608199269105,0.40520758184332906,0.4040446213563749,0.27122321872767363,0.36865928674846327,0.9481480933323315,2.71800251618442e-09,10.587094368566081,0.02716461266927082,26.38,146.06,220.12,,,0.015792267204187194,0.028495658059371487,-0.00601782529873246,-0.13489995628063622,-0.0003812508691402039,-9.697159580312928e-10,-0.020678181064502255,-0.004937940943636688,3.4899999999999984,-3.109999999999985,8.960000000000008
Y03F,-117466.73729577994,1.0083140099110826,0.3880717736221491,0.3869615653200388,0.2657195656739809,0.3503448178190486,0.9477611384794601,3.2924314503411793e-09,10.558556392865544,0.02651116463167996,24.63,147.55,211.92,,,-0.0013435410169927442,0.011412602023035345,-0.011521478352425174,-0.1532144252100509,-0.000768205722011639,-3.952870238745336e-10,-0.04921615676503954,-0.00559138898122755,1.7399999999999984,-1.6199999999999761,0.7599999999999909
A23H,-120854.28903284199,1.0087603172403625,0.39241902056534406,0.3906203470382614,0.26506476674443885,0.3546943830318947,0.9483394263204201,2.4955095190082627e-09,10.59124447571929,0.02542997643679982,26.48,147.42,215.92,,,0.0030037059262021937,0.015071383741257938,-0.01217627728196724,-0.14886485999720478,-0.00018991788105160445,-1.1922089552074502e-09,-0.016528073911294072,-0.00667257717610769,3.59,-1.75,4.759999999999991
K04L,-116505.0604571939,1.0094571232756144,0.4114503975377537,0.4111737204568344,0.2636596004669702,0.3559997150077747,0.9487178845067515,2.9199204449711614e-09,10.554611976238807,0.026180807448902034,23.79,147.87,206.66,,,0.022035082898611835,0.03562475715983099,-0.013581443559435913,-0.14755952802132477,0.00018854030527981624,-7.677980292445515e-10,-0.05316057339177682,-0.005921746164005474,0.8999999999999986,-1.299999999999983,-4.5
T44H,-138579.54367385717,1.0035853046694403,0.3782126638877245,0.3820824096896959,0.26549632807899753,0.3675484730296959,0.9479553331464979,5.45540423157576e-09,10.56365562845817,0.026562319483805014,26.25,147.31,214.46,,,-0.011202650751417353,0.006533446392692488,-0.011744715947408557,-0.1360107699994036,-0.0005740110549737887,1.7676857573600471e-09,-0.044116921172413726,-0.005540234129102494,3.3599999999999994,-1.8599999999999852,3.3000000000000114
G41R,-151395.958410203,0.9937851609911517,0.40011458532783173,0.3999205024869525,0.26585195051995286,0.38166185594310537,0.9485293525723385,3.6167375190505424e-09,10.690761209029802,0.02595374887375016,28.8,146.1,219.92,,,0.010699270688689866,0.024371539189949054,-0.01138909350645323,-0.12189738708599412,8.370866777518415e-09,-7.09809551651705e-11,0.08298865939921818,-0.006148804739157347,5.91,-3.069999999999993,8.759999999999991
N37H,-112226.8972833668,1.012255295928016,0.37243417157923703,0.37154971410246657,0.2656547803168668,0.3862933193471041,0.9485293556232129,3.0349345142943235e-09,10.566752088521515,0.02599906218141044,26.0,144.86,213.84,,,-0.016981143059904835,-0.003999249194536869,-0.011586263709539302,-0.1172659236819954,1.1421741219486137e-08,-6.527839599213895e-10,-0.04102046110906876,-0.00610349143149707,3.1099999999999994,-4.309999999999974,2.680000000000007
T25H,-122189.66469450718,1.0065698614038607,0.3739975553100557,0.3736581885587882,0.26306778894659205,0.35324062094111514,0.9485293523478685,4.02270042177785e-09,10.624841628908841,0.02625247225361662,24.39,148.8,219.18,,,-0.015417759329086178,-0.0018907747382152507,-0.01417325507981404,-0.15031862208798435,8.146396779373788e-09,3.3498194756213724e-10,0.01706907927825796,-0.005850081359290889,1.5,-0.3699999999999761,8.02000000000001
D46M,-117527.48208238442,1.007393826925189,0.39475682783532295,0.3951535323509093,0.2664227295407384,0.3484546908169164,0.948529357395097,2.6555151675455096e-09,10.59646195285347,0.027275915100672708,24.04,146.57,206.8,,,0.005341513196181091,0.01960456905390584,-0.010818314485667668,-0.1551045522121831,1.319362530338708e-08,-1.0322033066702033e-09,-0.011310596777112991,-0.004826638512234801,1.1499999999999986,-2.5999999999999943,-4.359999999999985
L12S,-115969.93884476807,1.0109852117651628,0.38839594381982423,0.388874839901766,0.2680663558159087,0.36489727898633567,0.948905035348497,6.5242298896742026e-09,10.561775481833374,0.02696351190720892,24.33,146.24,222.04,,,-0.0010193708193176332,0.013325876604762588,-0.009174688210497384,-0.13866196404276382,0.00037569114702529216,2.8365114154584896e-09,-0.04599706779720947,-0.005139041705698587,1.4399999999999977,-2.9299999999999784,10.879999999999995
A24K,-125263.17307164724,1.005657397859115,0.39056057430962204,0.39069064337234655,0.2644405451050981,0.35403780073279123,0.9483394239110633,2.9379906336357436e-09,10.606599385633919,0.025726166385948872,26.57,146.99,217.3,,,0.001145259670480181,0.015141680075343111,-0.012800498921307968,-0.14952144229630826,-0.00018992029040842962,-7.497278405799694e-10,-0.0011731639966647833,-0.006376387226958637,3.6799999999999997,-2.1799999999999784,6.140000000000015
A20S,-115242.6341275536,1.0087162169038755,0.40624690460469265,0.4067472575603376,0.2648506343576382,0.3663273453838509,0.947955337720551,2.7743536000710415e-09,10.564668646751398,0.02659421995524048,24.61,147.76,215.34,,,0.016831589965550786,0.031198294263334148,-0.012390409668767866,-0.13723189764524857,-0.0005740064809207635,-9.133648741446714e-10,-0.043103902879185085,-0.005508333657667029,1.7199999999999989,-1.4099999999999966,4.180000000000007
E56I,-130596.54469386535,1.0018575687060747,0.4129579287325935,0.41177951770615506,0.2710563410352879,0.3859058336425195,0.9483394243985932,2.9730166966331287e-09,10.582770715019901,0.02653425737174189,22.26,146.95,208.48,,,0.023542614093451653,0.03623055440915163,-0.006184702991118174,-0.11765340938657998,-0.00018991980287852428,-7.147017775825842e-10,-0.025001834610682394,-0.005568296241165619,-0.629999999999999,-2.219999999999999,-2.680000000000007
D22S,-113877.18998988699,1.0075160508882677,0.4101276111511145,0.40970313115104384,0.2677323537455981,0.37666245746775706,0.9487178985882151,2.4055572791566066e-09,10.542129707472887,0.026377175905983312,23.49,145.96,210.54,,,0.02071229651197265,0.03415416785404041,-0.009508690280807974,-0.12689678556134243,0.000188554386743367,-1.2821611950591063e-09,-0.06564284215769689,-0.0057253777069241965,0.5999999999999979,-3.2099999999999795,-0.6200000000000045
G09E,-131799.17125183018,1.003387226648687,0.4529741228750951,0.41038327325987795,0.28273974152907144,0.3784459738391165,0.9479553260264021,6.1525010173960354e-09,10.659585271628913,0.027418351137355777,27.65,145.05,213.14,,,0.06355880823595322,0.03483430996287451,0.005498697502665351,-0.125113269189983,-0.0005740181750696349,2.4647825431803225e-09,0.051812721998329536,-0.004684202475551732,4.759999999999998,-4.119999999999976,1.9799999999999898
Y45S,,,0.3855406971889237,0.38441781972208117,0.2711648718087753,0.3789753783884258,0.9489050555928695,3.2644925981606417e-09,10.545474628117187,0.026877588346202973,25.02,147.33,214.08,,,-0.003874617450218165,0.008868856425077731,-0.006076172217630793,-0.12458386464067367,0.00037571139139780385,-4.2322587605507127e-10,-0.062297921513396304,-0.005224965266704535,2.129999999999999,-1.839999999999975,2.920000000000016
