mutant,mean_rmsd,mean_rmsf,max_rmsf,mean_Q,std_Q,mean_rg,std_rg,mean_end2end,mean_rmsd_plateau,mean_hbonds,delta_mean_rmsd,delta_mean_rmsd_plateau,delta_mean_rg,delta_mean_hbonds,delta_mean_rmsf,delta_mean_Q
1PGA,2.029984269175695,9.941010111732131,15.004630866932903,0.9347961920316183,0.010983926496891297,10.80077683320731,0.10903517752469251,26.444263458251953,2.3854725614062864,369.56626506024094,0.0,0.0,0.0,0.0,0.0,0.0
V21P,1.6947493757665442,9.963884605725196,15.017227862301352,0.9434190981734772,0.009995406565569557,10.800419382025515,0.0994629443672788,26.591663360595703,1.7274230042123406,371.72,-0.3352348934091507,-0.6580495571939458,-0.00035745118179519864,2.15373493975909,0.02287449399306496,0.0086229061418589
F52M,1.5580482893039589,9.940691658761775,15.159598711927142,0.9476147507743309,0.0035446852299531825,10.80789182045419,0.09054781787558557,26.789989471435547,1.357057278665518,368.208,-0.47193597987173597,-1.0284152827407684,0.007114987246879423,-1.3582650602409103,-0.00031845297035637543,0.012818558742712538
T51M,2.5039522504970715,9.84274537237529,15.438203003210463,0.9379351893565686,0.008030483094904341,10.795242268508968,0.1173710055235934,26.06900405883789,2.772103988486396,353.392,0.47396798132137663,0.38663142708010945,-0.005534564698342237,-16.17426506024094,-0.09826473935684099,0.0031389973249502656
G14L,1.6804520053325582,9.975078622256301,15.205406453091378,0.9430916496687206,0.009870111980315186,10.840851464927862,0.11762614896396671,26.8160343170166,1.540438479720326,371.88,-0.3495322638431366,-0.8450340816859603,0.040074631720552034,2.3137349397590583,0.03406851052417004,0.008295457637102266
D47Y,2.113456006986285,9.908833664581826,14.691250837240041,0.9417139860161788,0.008245015201200486,10.833824092011307,0.1307710665116869,26.323396682739258,1.6492519968418884,362.328,0.08347173781059025,-0.736220564564398,0.033047258803996726,-7.238265060240963,-0.032176447150305876,0.006917793984560494
L07T,3.935457915081192,10.188365431349906,15.358293294282282,0.8860305219719636,0.04855531885775523,10.975816492998112,0.4895212858750519,25.375059127807617,3.1835909053474296,354.52,1.9054736459054973,0.7981183439411432,0.1750396597908015,-15.046265060240955,0.24735531961777468,-0.04876567005965471
E19F,2.6141957289408024,9.863904161806508,15.527474735438041,0.9351988688854789,0.0085982483258806,10.73169117558538,0.12495461381567419,25.43776512145996,2.6224062536416146,357.512,0.5842114597651076,0.23693369223532823,-0.06908565762192964,-12.054265060240937,-0.07710594992562392,0.00040267685386052854
T55V,1.9107297886746772,9.923357966439088,14.78531392830972,0.9427045963534418,0.008283964508434232,10.781154707238437,0.10865062026951267,26.633750915527344,2.246670886715946,369.432,-0.11925448050101761,-0.13880167469034044,-0.019622125968872695,-0.13426506024092077,-0.017652145293043375,0.007908404321823492
L05A,2.311556739213442,9.933134432758239,14.94684455898287,0.9275653787460502,0.010103366770344483,10.771788035629717,0.14196295905992334,26.710514068603516,2.548475753720902,365.32,0.2815724700377471,0.16300319231461557,-0.028988797577593317,-4.246265060240944,-0.00787567897389252,-0.007230813285568183
A34N,2.4347533298024886,9.928792417463395,15.296302193543585,0.935582473877826,0.012612743330245329,10.800967560811243,0.12650800797244757,25.502979278564453,2.8961931978590996,361.464,0.40476906062679374,0.5107206364528132,0.00019072760393257226,-8.102265060240939,-0.012217694268736423,0.0007862818462076593
E15D,1.978366868639972,9.929254366567031,15.075144910862127,0.9370830410534634,0.011996252728941914,10.761621957951862,0.112021048401444,26.46830940246582,2.4265089093614844,368.248,-0.051617400535722835,0.04103634795519806,-0.039154875255448474,-1.3182650602409467,-0.011755745165100251,0.002286849021845061
K10D,2.3798117821386455,10.060972461936936,15.632487691572564,0.9175520220362005,0.01527356609661997,10.850236317155021,0.13467388691532114,26.141204833984375,2.368176725702281,367.024,0.34982751296295067,-0.01729583570400539,0.049459483947710936,-2.5422650602409362,0.11996235020480484,-0.01724416999541789
K28N,1.6180758855311506,9.988652391729586,15.219773587194965,0.9462407552046792,0.005764967082415879,10.804074823049884,0.09875867078832112,26.909215927124023,1.6509993885658856,371.4,-0.4119083836445443,-0.7344731728404008,0.0032979898425740117,1.8337349397590401,0.047642279997454295,0.011444563173060862
N08V,3.6293678859694993,10.365581575213392,14.650651136898341,0.8984319703982157,0.05629490566366547,11.032814346499054,0.4823013433056339,26.068145751953125,6.799965023642915,362.152,1.5993836167938045,4.414492462236629,0.23203751329174338,-7.41426506024095,0.42457146348126074,-0.036364221633402694
D36Q,2.865647890888338,9.966094646335375,14.893052667620475,0.9188615886796909,0.02389877833408315,10.770396623560009,0.1694497384557364,25.608694076538086,2.8959978355300486,367.52,0.835663621712643,0.5105252741237623,-0.03038020964730137,-2.0462650602409553,0.025084534603243114,-0.015934603351927423
I06Q,1.6973626997427296,9.949906229356912,15.087894056154767,0.9440063779639388,0.00743024314909373,10.787646552958169,0.10549339296991729,26.605754852294922,1.5344799613574724,368.896,-0.3326215694329653,-0.8509926000488139,-0.013130280249141535,-0.6702650602409221,0.008896117624781041,0.00921018593232048
V39Y,2.5593909683551828,9.944449520804659,15.302063015713578,0.9336299747568753,0.010644410228252793,10.786609437776105,0.12593205220406556,25.385364532470703,2.618226849111593,360.208,0.5294066991794879,0.2327542877053066,-0.01416739543120471,-9.35826506024091,0.0034394090725271553,-0.0011662172747430866
A26S,3.06671575254365,9.956689359545631,15.550451876853367,0.9201291551738523,0.009131076138138357,10.759653144897099,0.13539775663338133,25.009857177734375,3.150462173506564,359.624,1.036731483367955,0.7649896121002775,-0.04112368831021129,-9.942265060240913,0.01567924781349994,-0.014667036857766047
A48G,1.8427192655381677,9.991140917600177,15.097404890816899,0.9454038417944802,0.005598623998913984,10.807607828094806,0.09997114216547101,26.567655563354492,1.4530267473793517,363.92,-0.18726500363752718,-0.9324458140269347,0.006830994887495834,-5.646265060240921,0.050130805868045414,0.010607649762861882
N35D,1.8134980747822311,9.954807068810554,15.095177653733966,0.9436388825792832,0.008547013785173935,10.788434974034038,0.1020250928951689,26.631275177001953,2.155309347128691,370.776,-0.21648619439346373,-0.23016321427759534,-0.01234185917327224,1.2097349397590733,0.013796957078422878,0.008842690547664844
T53H,1.4808868290227555,9.901267576836213,14.959375534271667,0.9453812763347663,0.007887619321595896,10.758565151267412,0.09600472855877944,26.770240783691406,1.5514893579581528,372.832,-0.5490974401529394,-0.8339832034481336,-0.04221168193989833,3.2657349397590565,-0.03974253489591817,0.010585084303147974
T17Y,1.7423077152985806,9.97463072652196,14.866106574759836,0.9414867116880115,0.011199374456180211,10.809899611921594,0.11138937666310196,26.961959838867188,1.7087787901306306,368.368,-0.2876765538771142,-0.6766937712756558,0.009122778714283797,-1.1982650602409421,0.03362061478982881,0.006690519656393112
T11H,1.7991848674810347,9.952967195238282,15.125938603665475,0.9431572407798283,0.00794967007608838,10.84044394751491,0.12259494929304483,26.093324661254883,1.8605813414237085,366.672,-0.23079940169466018,-0.5248912199825779,0.039667114307599505,-2.8942650602409117,0.011957083506150212,0.008361048748209976
T18F,1.9727687179076325,9.947807658878796,14.755382520376658,0.9431451394241671,0.006947014605710807,10.802078969415003,0.10180565872080652,26.135025024414062,1.9876290087019814,364.592,-0.057215551268062326,-0.39784355270430494,0.0013021362076930387,-4.974265060240953,0.006797547146664584,0.008348947392548767
Q32S,2.7707670176723855,9.857883193655438,14.842780003528429,0.9219049375089706,0.020884932568436886,10.692430796706956,0.14698895289014566,24.963956832885742,3.244406329611129,360.608,0.7407827484966907,0.8589337682048428,-0.1083460365003539,-8.958265060240933,-0.08312691807669381,-0.012891254522647722
G38Q,2.7439915370301904,9.892866520563947,14.655654156539907,0.923820809342537,0.02095114504464891,10.807729204957736,0.1517633480065276,25.587160110473633,3.571314041774134,365.656,0.7140072678544955,1.1858414803678476,0.006952371750426067,-3.9102650602409312,-0.04814359116818423,-0.010975382689081381
E27L,1.6106750355963344,9.903905801380166,15.00080573021219,0.9415422999348646,0.015970416997390217,10.790446627708166,0.1447286616807158,26.690950393676758,2.0486645676974655,371.832,-0.41930923357936045,-0.33680799370882086,-0.01033020549914454,2.2657349397590565,-0.03710431035196571,0.006746107903246257
K13D,2.096315188481139,9.919282431660045,14.609959668545926,0.9394255900195487,0.01325756567642011,10.748466313974019,0.11076761029682113,26.405664443969727,2.035704025661828,362.664,0.06633091930544399,-0.3497685357444582,-0.05231051923329133,-6.90226506024095,-0.02172768007208603,0.004629397987930384
T02A,2.883502562342563,9.902279698754134,15.375879099186688,0.9312356002285724,0.01151685394990011,10.79989536905482,0.14666405767857266,25.215717315673828,2.7616551886036818,361.344,0.8535182931668683,0.37618262719739537,-0.0008814641524903521,-8.222265060240943,-0.03873041297799773,-0.0035605918030459094
K50D,2.975827233585862,9.922097555340892,15.605595424180295,0.9163395562841371,0.014525135783256388,10.701173513131256,0.1391677038550259,22.91358757019043,3.078763961638452,353.68,0.9458429644101671,0.6932914002321655,-0.09960332007605466,-15.88626506024093,-0.01891255639123912,-0.018456635747481243
V29D,2.461036326056251,10.018709274136796,14.914161226740454,0.9373306992315282,0.020059586683575624,10.83532371992488,0.42012738937732846,26.426435470581055,3.4506136807023227,358.4,0.43105205688055603,1.0651411192960363,0.034546886717569336,-11.16626506024096,0.07769916240466479,0.0025345071999098856
Y33E,3.772289742566458,10.139798110353325,14.671488542330442,0.8957139366537423,0.03462261403375027,10.912341793684023,0.1621466236581761,26.236112594604492,4.166608930233697,355.488,1.742305473390763,1.7811363688274109,0.11156496047671283,-14.078265060240938,0.198787998621194,-0.03908225537787602
E42S,2.110504932780803,9.989703657155285,14.924383700011669,0.937528123796113,0.013561329194796188,10.77709522341338,0.12802514791037167,26.468339920043945,2.6310926031170747,365.136,0.08052066360510812,0.24562004171078833,-0.023681609793930747,-4.430265060240913,0.04869354542315385,0.0027319317644947105
K31A,2.56680254286799,9.916182879686103,15.240134990656697,0.9257008602862281,0.011527825654175825,10.693740490160357,0.10885037343848435,24.961885452270508,2.809425732771982,362.776,0.5368182736922953,0.42395317136569544,-0.10703634304695342,-6.790265060240927,-0.02482723204602877,-0.009095331745390234
T49D,2.049206496111856,9.888757038634187,14.859369778713411,0.9386628459186458,0.0118114948186298,10.78490589817416,0.11040633485498162,26.280933380126953,2.292010326925089,362.136,0.019222226936161046,-0.09346223448119728,-0.015870935033150957,-7.430265060240913,-0.052253073097944025,0.003866653887027449
Y03F,2.12725768696046,9.974582126699087,15.167349246458231,0.9331480774517645,0.01102740840573127,10.765800488044938,0.10657266580615364,26.13360023498535,2.2770823804925318,370.08,0.09727341778476495,-0.10839018091375463,-0.034976345162371913,0.5137349397590469,0.033572014966955166,-0.00164811457985381
A23H,2.289135836633998,9.972484132239417,15.001253303929744,0.9301197352502591,0.010683103081936996,10.79013807305581,0.11601538814756976,26.23833465576172,2.5270742294565602,369.992,0.25915156745830314,0.14160166805027385,-0.010638760151501003,0.4257349397590815,0.03147402050728587,-0.004676456781359195
K04L,1.8006489881433858,9.986632656741481,15.002713850188142,0.9393633728360522,0.020767518402130595,10.814722157081608,0.1006934249176769,26.875389099121094,2.732549417325375,370.976,-0.22933528103230905,0.34707685591908843,0.0139453238742977,1.409734939759062,0.04562254500934948,0.004567180804433857
T44H,1.6698558005916138,9.965396994322944,14.922948181864596,0.9426635858662408,0.008828923267650956,10.762125023299935,0.12245633725630649,26.58060073852539,1.8210118021871975,368.44,-0.3601284685840811,-0.5644607592190889,-0.03865180990737471,-1.1262650602409394,0.024386882590812675,0.007867393834622427
G41R,2.3362762272449302,10.02571351879113,15.132340415691349,0.9322885726748026,0.009808803070120218,10.868217831778807,0.12362207016406988,26.212038040161133,2.5993731069348134,363.1887550200803,0.30629195806923537,0.213900545528527,0.06744099857149699,-6.377510040160644,0.08470340705899915,-0.00250761935681576
N37H,2.762263893262803,9.966383113018233,15.311982945809051,0.9258072494293982,0.01421364773618456,10.775957859907352,0.14912644208428572,25.61789321899414,3.275669083874997,360.384,0.7322796240871083,0.8901965224687105,-0.024818973299957747,-9.182265060240923,0.02537300128610198,-0.008988942602220162
T25H,2.958709495875187,9.958174104487142,15.396500732205194,0.9248978751569238,0.010070030711425055,10.803117296177854,0.14495432612007456,25.533340454101562,3.0037008594758925,362.432,0.9287252266994921,0.6182282980696061,0.0023404629705439106,-7.134265060240921,0.017163992755010682,-0.009898316874694557
D46M,2.3108181462004285,10.012592982398848,15.06346686277462,0.9302520984758675,0.01894333624329377,10.811526596822025,0.10995402740426558,26.18000030517578,2.9243162954638198,368.008,0.2808338770247336,0.5388437340575334,0.010749763614715135,-1.5582650602409558,0.07158287066671676,-0.0045440935557508055
L12S,2.659107056007448,10.001405798567443,15.471002794029507,0.9256249919395915,0.0187448422486756,10.86328971830268,0.16049573894976446,26.186721801757812,3.068535357539614,363.16,0.6291227868317533,0.6830627961333278,0.06251288509536934,-6.406265060240912,0.060395686835311935,-0.009171200092026877
A24K,2.8780992263565834,9.851418821543268,15.370604909323468,0.9280691964002789,0.011188229764789219,10.835145510180304,0.13396072516668212,24.78236961364746,2.923747406616334,360.632,0.8481149571808886,0.5382748452100476,0.03436867697299384,-8.934265060240932,-0.08959129018886358,-0.006726995631339494
A20S,2.9747638225759774,9.966237360657995,14.609980595852518,0.9159387061764923,0.027945681421764797,10.828846279119034,0.13342571876668663,25.32712173461914,3.6519835053361325,365.856,0.9447795534002825,1.266510943929846,0.02806944591172389,-3.7102650602409426,0.025227248925864032,-0.018857485855126033
E56I,2.653183150240228,9.987639566987427,14.697919337659455,0.9270646210524993,0.022924009818625496,10.792370675858674,0.15176788913262218,25.56185531616211,3.697956952805558,366.24,0.6231988810645332,1.3124843913992716,-0.008406157348636256,-3.326265060240928,0.04662945525529594,-0.007731570979119029
D22S,2.2658455455047055,9.924496053938336,14.923991682308529,0.9360374207163352,0.015408430017984294,10.769921149470992,0.13023360677342788,26.407960891723633,2.1862679220479397,361.144,0.23586127632901066,-0.19920463935834665,-0.030855683736318085,-8.422265060240932,-0.016514057793795445,0.0012412286847168774
G09E,4.123257386585591,10.245781107394224,15.322457833317339,0.8808375889951474,0.051044905294920596,11.054077922842396,0.41802921474534355,24.047922134399414,5.39230135285596,359.32,2.093273117409896,3.006828791449674,0.2533010896350856,-10.246265060240944,0.30477099566209276,-0.05395860303647093
Y45S,2.251261180753659,9.960562183031962,15.229655606694225,0.9382643031243018,0.01461541224814397,10.807874832610237,0.12263570874763248,26.144302368164062,3.0866434819670334,360.44,0.22127691157796425,0.701170920560747,0.007097999402926547,-9.12626506024094,0.019552071299830942,0.0034681110926834124
