mutant,mean_PE,delta_PE
1PGA,-3099.493741836742,0.0
V21P,-2983.5583854839574,115.93535635278477
F52M,-3205.5775284625543,-106.08378662581208
T51M,-2938.730582108451,160.76315972829116
G14L,-3102.984038084162,-3.490296247419792
D47Y,-2618.640232999584,480.8535088371582
L07T,-3029.2006459396007,70.29309589714148
E19F,-2593.758666068263,505.73507576847896
T55V,-3013.6418018136333,85.85194002310891
L05A,-3060.3701699269213,39.12357190982084
A34N,-3342.1248943279907,-242.63115249124849
E15D,-3188.2558774375316,-88.7621356007894
K10D,-3301.333788427393,-201.84004659065067
K28N,-3233.1214564865845,-133.62771464984235
N08V,-2684.324559985596,415.1691818511463
D36Q,-2809.9616139708464,289.53212786589575
I06Q,-3335.5890137018787,-236.0952718651365
V39Y,-3041.304894818559,58.18884701818297
A26S,-3047.2086198112543,52.28512202548791
A48G,-3169.4895907811383,-69.99584894439613
N35D,-3231.659575650368,-132.1658338136258
T53H,-3094.216508078863,5.277233757879003
T17Y,-3026.2865369765013,73.20720486024084
T11H,-3078.4561087238485,21.037633112893673
T18F,-2976.629810766751,122.8639310699914
Q32S,-2854.2142339053767,245.27950793136552
G38Q,-3182.0566475851256,-82.5629057483834
E27L,-2744.5660709937197,354.9276708430225
K13D,-3336.4435992129943,-236.9498573762521
T02A,-2999.787767034814,99.70597480192828
K50D,-3288.380954661859,-188.88721282511688
V29D,-3537.5281445633236,-438.03440272658145
Y33E,-3392.630462806508,-293.136720969766
E42S,-2665.249138394587,434.24460344215504
K31A,-2914.6388723196687,184.85486951707344
T49D,-3458.7430141943223,-359.24927235758014
Y03F,-3017.700023065841,81.79371877090125
A23H,-3132.427883084024,-32.93414124728179
K04L,-2926.7653996779027,172.7283421588395
T44H,-3100.656646898443,-1.1629050617007124
G41R,-4150.261082394672,-1050.7673405579294
N37H,-2834.577844890354,264.91589694638833
T25H,-3074.2309718718548,25.26276996488741
D46M,-2585.5992177940634,513.8945240426788
L12S,-2995.025095938478,104.46864589826419
A24K,-3255.8142439653307,-156.3205021285885
A20S,-3040.156925837361,59.33681599938109
E56I,-2633.01434333163,466.4793985051124
D22S,-2554.8090168997333,544.6847249370089
G09E,-3320.097142460087,-220.6034006233449
Y45S,-3072.1401251370653,27.353616699676877
