mutant,rel_water_score,rel_rmsf_score
V21P,0.1002506265664159,0.030341164522780004
F52M,0.09361702127659582,0.025906836931163982
T51M,0.10071942446043175,0.024281383310941207
G14L,0.09400324149108591,0.030999845890926872
D47Y,0.12250712250712244,0.021898757609159
L07T,0.11664779161947897,0.027948845903862086
E19F,0.0890688259109312,0.02733200272977425
T55V,0.11244635193133051,0.034734747495027044
L05A,0.1012965964343598,0.024916286099665345
A34N,0.09957627118644063,0.04032318153417877
E15D,0.08823529411764697,0.019791132039661544
K10D,0.09677419354838712,0.02644467711025301
K28N,0.13215859030836996,0.033755109877568606
N08V,0.09999999999999996,0.02398514973042741
D36Q,0.08590308370044046,0.028117257210847936
I06Q,0.10719754977029099,0.03309575551390863
V39Y,0.08718861209964417,0.0335484043443224
A26S,0.09188361408882077,0.03301283420909771
A48G,0.11764705882352934,0.024632304001738548
N35D,0.09785407725321893,0.02584415891353943
T53H,0.10940032414910857,0.020197797360848313
T17Y,0.09606481481481481,0.022826312583478774
T11H,0.11718749999999993,0.019639963719958586
T18F,0.08823529411764697,0.02228818347501623
Q32S,0.09256844850065189,0.028712269306265116
G38Q,0.10442477876106192,0.023319026225688287
E27L,0.09110169491525417,0.025005675782744513
K13D,0.11791730474732,0.02832056917428444
T02A,0.0819672131147541,0.02546855722633417
K50D,0.09322033898305075,0.025341001215605993
V29D,0.08854166666666663,0.024155510185055018
Y33E,0.10088495575221228,0.03204116101664384
E42S,0.08629441624365479,0.027656780861494215
K31A,0.11779448621553879,0.03606945591001784
T49D,0.10185185185185174,0.028236919630706705
Y03F,0.09957081545064378,0.02112641778128258
A23H,0.08085106382978721,0.025121756270704426
K04L,0.0962627406568516,0.029861445070903173
T44H,0.10833333333333325,0.028880267725625533
G41R,0.09039548022598866,0.023397101634759054
N37H,0.09259259259259246,0.026794617691013517
T25H,0.09608540925266905,0.03023492657379966
D46M,0.10210696920583467,0.02205687804877425
L12S,0.09375000000000008,0.030574521950942436
A24K,0.08050847457627117,0.025299366905733055
A20S,0.1049180327868852,0.026487233174267374
E56I,0.07473309608540923,0.03581104919017396
D22S,0.11144578313253016,0.032636606090185954
G09E,0.10983606557377049,0.05788192718667931
Y45S,0.08672566371681403,0.028495853496186448
