Replica,Avg_Q,Unfold_ns,Avg_SASA_nm2,Avg_Rg_nm,Avg_RMSF_nm
Y45S_rep2,0.556561038961039,15.64,43.096016,1.1237553541615182,0.37056914
Y45S_rep3,0.41925194805194804,9.13,47.915333,1.2206992053539878,0.63260794
1PGA_rep2,0.26494545454545454,4.0,48.319027,1.1986063243571061,0.65499717
E27L_rep3,0.6803220779220779,9.81,42.527348,1.1079910326122027,0.30992132
Y45S_rep1,0.4284363636363636,11.65,45.1519,1.1509780171999207,0.48086277
E27L_rep1,0.6389298701298701,3.24,41.13155,1.0807272970113415,0.23410457
1PGA_rep3,0.7187636363636364,4.78,41.341835,1.098278780250566,0.2177457
E27L_rep2,0.6749922077922077,,41.50234,1.0912204556574054,0.2285578
1PGA_rep1,0.3840207792207792,1.44,46.14112,1.206699173006234,0.6210299
