mutant,mean_sasa,std_sasa,delta_mean_sasa,delta_std_sasa,rel_mean_sasa
A20S,3649.4972682442367,32.46591723242681,-39.96470807928563,-4.682781045237363,-0.010832123582178691
A23H,3667.305460100083,27.359682498075845,-22.156516223439212,-9.789015779588329,-0.00600535155684617
A24K,3689.4915396978095,27.499219787621936,0.029563374287135957,-9.649478490042238,8.012922880586315e-06
A26S,3619.264347738375,36.567059682841055,-70.19762858514741,-0.5816385948231186,-0.01902652176269289
A34N,3647.330037068589,27.589087168631064,-42.13193925493351,-9.55961110903311,-0.01141953475203373
A48G,3611.980236798442,28.617950495419507,-77.48173952508023,-8.530747782244667,-0.02100082343233397
D22S,3634.1564891958865,27.025485889247417,-55.30548712763584,-10.123212388416757,-0.014990122538882131
D36Q,3639.408853533087,32.240158278944605,-50.05312279043528,-4.908539998719569,-0.013566509998379833
D46M,3689.8329775668467,29.868520606213604,0.3710012433243719,-7.28017767145057,0.00010055700416624635
D47Y,3693.6149280278983,32.916711599726106,4.152951704375937,-4.2319866779380675,0.001125625289277076
E15D,3627.5698869743446,28.171917066705205,-61.892089349177695,-8.976781210958968,-0.016775369890341563
E19F,3686.9651582992124,26.54751905643536,-2.4968180243099596,-10.601179221228815,-0.0006767431241554604
E27L,3655.188825465373,29.524807520821017,-34.273150858149165,-7.623890756843156,-0.009289471223200327
E42S,3587.4205314125797,25.295969216480785,-102.04144491094257,-11.852729061183389,-0.027657540737857096
E56I,3676.467065273638,29.51585144496663,-12.994911049884195,-7.632846832697545,-0.0035221696641073324
F52M,3628.4873102086945,32.58821901984788,-60.97466611482787,-4.560479257816297,-0.016526709451438214
G09E,3712.9248591294536,44.01862011275409,23.462882805931258,6.869921835089919,0.006359432068008888
G14L,3715.8005813790537,34.77915544143648,26.33860505553139,-2.3695428362276942,0.007138874238182907
G38Q,3698.2743707742566,30.167250738618083,8.812394450734246,-6.981447539046091,0.0023885310398335173
G41R,3755.731207728968,30.89598448950727,66.26923140544568,-6.252713788156903,0.017961760232444973
I06Q,3674.7270088979394,30.726725554831166,-14.734967425582909,-6.421972722833008,-0.003993798423765305
K04L,3609.051176905547,30.669871529919817,-80.41079941797534,-6.478826747744357,-0.02179472235626701
K10D,3640.9410017205046,35.21536579363,-48.52097460301775,-1.9333324840341746,-0.013151233137620776
K13D,3658.0191438626794,32.653186074751325,-31.442832460842965,-4.495512202912849,-0.008522335414383412
K28N,3602.4083793934387,35.26325386970335,-87.05359693008359,-1.8854444079608257,-0.02359520100457325
K31A,3642.1226617772627,29.64868941285258,-47.33931454625963,-7.500008864811594,-0.012830953361235705
K50D,3723.060384247779,34.43395727733045,33.59840792425666,-2.7147410003337242,0.009106587394007196
L05A,3657.825851801504,30.681252416580293,-31.636124522018235,-6.467445861083881,-0.00857472572560377
L07T,3640.315020935113,29.05825233296708,-49.146955388409424,-8.090445944697095,-0.01332090036536531
L12S,3653.3630682072894,29.294458385608337,-36.098908116232906,-7.854239892055837,-0.0097843285410966
N08V,3599.5298633130174,29.155097312310136,-89.93211301050496,-7.993600965354037,-0.02437540042088212
N35D,3666.8059182717734,28.69522954201324,-22.656058051748914,-8.453468735650933,-0.006140748487757892
N37H,3618.705878152659,22.076418588354656,-70.75609817086342,-15.072279689309518,-0.019177890604355954
Q32S,3623.694360806612,27.717729404046587,-65.76761551691015,-9.430968873617587,-0.017825801143625367
T02A,3662.2098987507984,30.49087054833982,-27.25207757272392,-6.657827729324353,-0.007386463865899518
T11H,3647.733119289886,35.60919999527222,-41.72885703363636,-1.5394982823919534,-0.01131028244807075
T17Y,3685.7477482341096,31.09939839363028,-3.7142280894126998,-6.049299884033893,-0.0010067126625096315
T18F,3680.5624942656827,34.32986459316623,-8.899482057839577,-2.818833684497946,-0.002412135459031818
T25H,3735.2681114624197,27.44973911499728,45.80613513889739,-9.698959162666895,0.012415396996323654
T44H,3664.3718294354926,29.25967917911102,-25.09014688802972,-7.8890190985531525,-0.006800489352930416
T49D,3639.051793982211,30.671465723359535,-50.410182341311156,-6.4772325543046385,-0.013663288215140769
T51M,3670.5850784685103,25.473398675096416,-18.876897855011975,-11.675299602567758,-0.0051164364821080065
T53H,3659.3941912190144,31.30041453068949,-30.067785104507948,-5.848283746974683,-0.008149639513149263
T55V,3639.5693966023055,32.97909028056729,-49.89257972121686,-4.1696079970968825,-0.013522996046955837
V21P,3590.2091092971737,26.536549163850143,-99.25286702634867,-10.61214911381403,-0.026901718370669382
V29D,3636.733778565371,25.43052136903821,-52.72819775815151,-11.718176908625964,-0.014291568281913598
V39Y,3718.2052285638915,24.938959233238275,28.743252240369202,-12.209739044425898,0.00779063517250591
Y03F,3649.349907691063,31.02761278128409,-40.11206863245934,-6.121085496380083,-0.010872064515062504
Y33E,3662.2082255770943,32.51638768405836,-27.253750746428068,-4.6323105936058155,-0.0073869173666307585
Y45S,3645.1839565528085,35.745688752864254,-44.278019770713854,-1.40300952479992,-0.01200121319988126
